,country_or_area_of_destination,continent,major_region,country_code,year,female_migrants_as_a_percentage_of_the_international_migrant_stock
0,Afghanistan,Asia,Southern Asia,4,2005,43.557846506300116
1,Afghanistan,Asia,Southern Asia,4,2015,49.40828789245877
2,Afghanistan,Asia,Southern Asia,4,2000,43.559413570083116
3,Afghanistan,Asia,Southern Asia,4,1990,43.55996255590611
4,Afghanistan,Asia,Southern Asia,4,2010,43.55867222189621
5,Afghanistan,Asia,Southern Asia,4,1995,45.32451553368194
6,Albania,Europe,Southern Europe,8,2015,49.036725909469595
7,Albania,Europe,Southern Europe,8,2000,53.073864006780106
8,Albania,Europe,Southern Europe,8,2010,49.03569263413156
9,Albania,Europe,Southern Europe,8,1990,53.67730598518473
10,Albania,Europe,Southern Europe,8,1995,53.35370126411975
11,Albania,Europe,Southern Europe,8,2005,49.036902021965126
12,Algeria,Africa,Northern Africa,12,2015,45.158854907979254
13,Algeria,Africa,Northern Africa,12,1990,45.16086642283011
14,Algeria,Africa,Northern Africa,12,2000,45.160929191155894
15,Algeria,Africa,Northern Africa,12,2005,45.16052145739829
16,Algeria,Africa,Northern Africa,12,1995,45.160896379068205
17,Algeria,Africa,Northern Africa,12,2010,45.15969693505985
18,American Samoa,Oceania,Polynesia,16,1995,47.88726296649061
19,American Samoa,Oceania,Polynesia,16,2010,48.63935470176183
20,American Samoa,Oceania,Polynesia,16,2015,48.75086147484494
21,American Samoa,Oceania,Polynesia,16,1990,47.49330451534088
22,American Samoa,Oceania,Polynesia,16,2005,48.4257004910659
23,American Samoa,Oceania,Polynesia,16,2000,48.22575465639049
24,Andorra,Europe,Southern Europe,20,2000,47.582214207754
25,Andorra,Europe,Southern Europe,20,1995,47.06724244293646
26,Andorra,Europe,Southern Europe,20,2015,47.19595076279644
27,Andorra,Europe,Southern Europe,20,1990,46.509356364384125
28,Andorra,Europe,Southern Europe,20,2010,47.196127024378995
29,Andorra,Europe,Southern Europe,20,2005,47.196707622569484
30,Angola,Africa,Middle Africa,24,1995,47.86878657724864
31,Angola,Africa,Middle Africa,24,2005,50.692168468424406
32,Angola,Africa,Middle Africa,24,2010,51.51732876980757
33,Angola,Africa,Middle Africa,24,2015,51.83583696008236
34,Angola,Africa,Middle Africa,24,1990,45.87224393591312
35,Angola,Africa,Middle Africa,24,2000,49.32115901795784
36,Anguilla,Latin America and the Carribean,Caribbean,660,2005,52.818104184457724
37,Anguilla,Latin America and the Carribean,Caribbean,660,2010,52.674897119341566
38,Anguilla,Latin America and the Carribean,Caribbean,660,2000,52.990401181393054
39,Anguilla,Latin America and the Carribean,Caribbean,660,1990,51.050583657587545
40,Anguilla,Latin America and the Carribean,Caribbean,660,1995,52.246005426590294
41,Anguilla,Latin America and the Carribean,Caribbean,660,2015,52.59597806215722
42,Antigua and Barbuda,Latin America and the Carribean,Caribbean,28,1995,54.15384615384615
43,Antigua and Barbuda,Latin America and the Carribean,Caribbean,28,2015,55.40362496884236
44,Antigua and Barbuda,Latin America and the Carribean,Caribbean,28,1990,51.99102169756422
45,Antigua and Barbuda,Latin America and the Carribean,Caribbean,28,2010,55.368771770407385
46,Antigua and Barbuda,Latin America and the Carribean,Caribbean,28,2000,55.285856703220496
47,Antigua and Barbuda,Latin America and the Carribean,Caribbean,28,2005,55.32921062204438
48,Argentina,Latin America and the Carribean,South America,32,2010,53.94707625929078
49,Argentina,Latin America and the Carribean,South America,32,2005,53.689823846683495
50,Argentina,Latin America and the Carribean,South America,32,1990,52.23220048984223
51,Argentina,Latin America and the Carribean,South America,32,1995,52.79031816178485
52,Argentina,Latin America and the Carribean,South America,32,2015,53.97070989722486
53,Argentina,Latin America and the Carribean,South America,32,2000,53.38818700457533
54,Armenia,Asia,Western Asia,51,1995,58.934378867981074
55,Armenia,Asia,Western Asia,51,2015,59.499788178808465
56,Armenia,Asia,Western Asia,51,2005,59.199904501842816
57,Armenia,Asia,Western Asia,51,2010,59.22323524101824
58,Armenia,Asia,Western Asia,51,1990,58.934499513501294
59,Armenia,Asia,Western Asia,51,2000,58.93448852409181
60,Aruba,Latin America and the Carribean,Caribbean,533,1995,55.22133429110173
61,Aruba,Latin America and the Carribean,Caribbean,533,1990,55.49016892827472
62,Aruba,Latin America and the Carribean,Caribbean,533,2010,55.396626562181375
63,Aruba,Latin America and the Carribean,Caribbean,533,2015,55.39679902530874
64,Aruba,Latin America and the Carribean,Caribbean,533,2005,55.258143822987094
65,Aruba,Latin America and the Carribean,Caribbean,533,2000,55.09234653202232
66,Australia,Oceania,Australia and New Zealand,36,2010,50.33078473834689
67,Australia,Oceania,Australia and New Zealand,36,2000,50.073525220860645
68,Australia,Oceania,Australia and New Zealand,36,1995,49.599959550529334
69,Australia,Oceania,Australia and New Zealand,36,1990,49.10018752466681
70,Australia,Oceania,Australia and New Zealand,36,2015,50.65425347182436
71,Australia,Oceania,Australia and New Zealand,36,2005,50.40641406469415
72,Austria,Europe,Western Europe,40,2015,51.99125688332818
73,Austria,Europe,Western Europe,40,1995,52.69803205522895
74,Austria,Europe,Western Europe,40,2005,52.157673792320494
75,Austria,Europe,Western Europe,40,2000,52.00246450995287
76,Austria,Europe,Western Europe,40,2010,52.27885441288033
77,Austria,Europe,Western Europe,40,1990,53.57174823729039
78,Azerbaijan,Asia,Western Asia,31,2015,52.089191306421036
79,Azerbaijan,Asia,Western Asia,31,2010,53.228049013907494
80,Azerbaijan,Asia,Western Asia,31,2005,55.21937661306333
81,Azerbaijan,Asia,Western Asia,31,2000,56.90266837638151
82,Azerbaijan,Asia,Western Asia,31,1990,56.2240709927898
83,Azerbaijan,Asia,Western Asia,31,1995,56.54692359112972
84,Bahamas,Latin America and the Carribean,Caribbean,44,1990,48.512381307019176
85,Bahamas,Latin America and the Carribean,Caribbean,44,2010,49.06825489622918
86,Bahamas,Latin America and the Carribean,Caribbean,44,2005,48.139050334466496
87,Bahamas,Latin America and the Carribean,Caribbean,44,2015,49.42501601861532
88,Bahamas,Latin America and the Carribean,Caribbean,44,2000,46.74384155373896
89,Bahamas,Latin America and the Carribean,Caribbean,44,1995,47.494787388639665
90,Bahrain,Asia,Western Asia,48,2015,27.717759470103122
91,Bahrain,Asia,Western Asia,48,2005,28.56407387789653
92,Bahrain,Asia,Western Asia,48,2010,27.658180513668647
93,Bahrain,Asia,Western Asia,48,2000,30.92274848450667
94,Bahrain,Asia,Western Asia,48,1990,29.144632011638915
95,Bahrain,Asia,Western Asia,48,1995,29.979755217764918
96,Bangladesh,Asia,Southern Asia,50,2005,13.628353475614983
97,Bangladesh,Asia,Southern Asia,50,2000,13.85955197787525
98,Bangladesh,Asia,Southern Asia,50,2015,13.325719265816469
99,Bangladesh,Asia,Southern Asia,50,1995,13.858366274933537
100,Bangladesh,Asia,Southern Asia,50,2010,13.458551398465755
101,Bangladesh,Asia,Southern Asia,50,1990,13.856924265298879
102,Barbados,Latin America and the Carribean,Caribbean,52,2000,56.35730368702505
103,Barbados,Latin America and the Carribean,Caribbean,52,2015,55.07469180565627
104,Barbados,Latin America and the Carribean,Caribbean,52,1995,57.15756558877364
105,Barbados,Latin America and the Carribean,Caribbean,52,2005,55.67202194357367
106,Barbados,Latin America and the Carribean,Caribbean,52,1990,58.104395604395606
107,Barbados,Latin America and the Carribean,Caribbean,52,2010,55.07692307692308
108,Belarus,Europe,Eastern Europe,112,1990,54.2008379657912
109,Belarus,Europe,Eastern Europe,112,2010,54.20083677403616
110,Belarus,Europe,Eastern Europe,112,2015,54.20087634649392
111,Belarus,Europe,Eastern Europe,112,2000,54.200835539068656
112,Belarus,Europe,Eastern Europe,112,2005,54.200881315143334
113,Belarus,Europe,Eastern Europe,112,1995,54.20085612021425
114,Belgium,Europe,Western Europe,56,1990,46.110481112954375
115,Belgium,Europe,Western Europe,56,2010,49.222486902143146
116,Belgium,Europe,Western Europe,56,2015,48.474573828839866
117,Belgium,Europe,Western Europe,56,1995,47.12711713156771
118,Belgium,Europe,Western Europe,56,2005,48.81967521834688
119,Belgium,Europe,Western Europe,56,2000,48.00654816380722
120,Belize,Latin America and the Carribean,Central America,84,2010,49.398188093183784
121,Belize,Latin America and the Carribean,Central America,84,2000,48.939377329532995
122,Belize,Latin America and the Carribean,Central America,84,1990,46.08275226943823
123,Belize,Latin America and the Carribean,Central America,84,1995,47.640973509537766
124,Belize,Latin America and the Carribean,Central America,84,2015,49.69922020051987
125,Belize,Latin America and the Carribean,Central America,84,2005,49.19611819235226
126,Benin,Africa,Western Africa,204,2005,45.25798984250637
127,Benin,Africa,Western Africa,204,1990,47.394111163596286
128,Benin,Africa,Western Africa,204,2015,43.902786889922126
129,Benin,Africa,Western Africa,204,1995,46.787207895514
130,Benin,Africa,Western Africa,204,2010,44.50199983752813
131,Benin,Africa,Western Africa,204,2000,46.44133702235848
132,Bermuda,North America,Northern America,60,2015,51.186866046219805
133,Bermuda,North America,Northern America,60,1995,51.76301271288079
134,Bermuda,North America,Northern America,60,2000,51.7149649083088
135,Bermuda,North America,Northern America,60,1990,51.814066186316396
136,Bermuda,North America,Northern America,60,2005,51.48829065441015
137,Bermuda,North America,Northern America,60,2010,51.27091717856387
138,Bhutan,Asia,Southern Asia,64,1995,18.475618475618475
139,Bhutan,Asia,Southern Asia,64,2010,18.870301528294092
140,Bhutan,Asia,Southern Asia,64,2000,18.47403304602172
141,Bhutan,Asia,Southern Asia,64,2005,18.711983912212318
142,Bhutan,Asia,Southern Asia,64,2015,18.91167377607326
143,Bhutan,Asia,Southern Asia,64,1990,18.4735581971689
144,Bolivia (Plurinational State of),Latin America and the Carribean,South America,68,2005,48.00779618543784
145,Bolivia (Plurinational State of),Latin America and the Carribean,South America,68,2000,48.55813853094174
146,Bolivia (Plurinational State of),Latin America and the Carribean,South America,68,2015,47.591073439215606
147,Bolivia (Plurinational State of),Latin America and the Carribean,South America,68,1995,48.79542572788822
148,Bolivia (Plurinational State of),Latin America and the Carribean,South America,68,2010,47.59292121843609
149,Bolivia (Plurinational State of),Latin America and the Carribean,South America,68,1990,49.09162395943491
150,"Bonaire, Sint Eustatius and Saba",Latin America and the Carribean,Caribbean,535,2010,51.681957186544345
151,"Bonaire, Sint Eustatius and Saba",Latin America and the Carribean,Caribbean,535,2015,51.60744500846024
152,"Bonaire, Sint Eustatius and Saba",Latin America and the Carribean,Caribbean,535,2000,55.74883418284351
153,"Bonaire, Sint Eustatius and Saba",Latin America and the Carribean,Caribbean,535,1995,55.44038998532822
154,"Bonaire, Sint Eustatius and Saba",Latin America and the Carribean,Caribbean,535,1990,55.07159593855767
155,"Bonaire, Sint Eustatius and Saba",Latin America and the Carribean,Caribbean,535,2005,55.74788718053152
156,Bosnia and Herzegovina,Europe,Southern Europe,70,2010,52.29944318416169
157,Bosnia and Herzegovina,Europe,Southern Europe,70,2015,52.30583570381864
158,Bosnia and Herzegovina,Europe,Southern Europe,70,1995,52.33605849501986
159,Bosnia and Herzegovina,Europe,Southern Europe,70,2005,52.46023015738703
160,Bosnia and Herzegovina,Europe,Southern Europe,70,2000,52.15184685119105
161,Bosnia and Herzegovina,Europe,Southern Europe,70,1990,52.61071428571429
162,Botswana,Africa,Southern Africa,72,1990,39.60741548527808
163,Botswana,Africa,Southern Africa,72,1995,41.45339573790082
164,Botswana,Africa,Southern Africa,72,2000,42.36120846768541
165,Botswana,Africa,Southern Africa,72,2005,44.05543234754416
166,Botswana,Africa,Southern Africa,72,2015,45.299544334055426
167,Botswana,Africa,Southern Africa,72,2010,44.84253010453884
168,Brazil,Latin America and the Carribean,South America,76,2005,46.28426732980259
169,Brazil,Latin America and the Carribean,South America,76,2010,46.01767223339769
170,Brazil,Latin America and the Carribean,South America,76,1995,46.57834798943304
171,Brazil,Latin America and the Carribean,South America,76,2015,46.01761850307189
172,Brazil,Latin America and the Carribean,South America,76,2000,46.51502491980672
173,Brazil,Latin America and the Carribean,South America,76,1990,46.63269535902179
174,British Virgin Islands,Latin America and the Carribean,Caribbean,92,2015,50.71643170788075
175,British Virgin Islands,Latin America and the Carribean,Caribbean,92,2005,50.71697566628042
176,British Virgin Islands,Latin America and the Carribean,Caribbean,92,1990,48.64965774735532
177,British Virgin Islands,Latin America and the Carribean,Caribbean,92,1995,49.890503683057936
178,British Virgin Islands,Latin America and the Carribean,Caribbean,92,2010,50.71988687491965
179,British Virgin Islands,Latin America and the Carribean,Caribbean,92,2000,50.721512688671424
180,Brunei Darussalam,Asia,South-Eastern Asia,96,2015,43.36678574557348
181,Brunei Darussalam,Asia,South-Eastern Asia,96,2005,43.859773874706676
182,Brunei Darussalam,Asia,South-Eastern Asia,96,2010,43.608020917215946
183,Brunei Darussalam,Asia,South-Eastern Asia,96,2000,44.12332807177869
184,Brunei Darussalam,Asia,South-Eastern Asia,96,1990,42.81967213114754
185,Brunei Darussalam,Asia,South-Eastern Asia,96,1995,43.55973002312739
186,Bulgaria,Europe,Eastern Europe,100,2000,57.93819188191882
187,Bulgaria,Europe,Eastern Europe,100,2005,56.456102433113934
188,Bulgaria,Europe,Eastern Europe,100,1990,57.940492794049284
189,Bulgaria,Europe,Eastern Europe,100,2010,55.63988621914612
190,Bulgaria,Europe,Eastern Europe,100,1995,57.940496377370124
191,Bulgaria,Europe,Eastern Europe,100,2015,53.539706011967134
192,Burkina Faso,Africa,Western Africa,854,1995,51.910322687467804
193,Burkina Faso,Africa,Western Africa,854,2010,52.41399368456041
194,Burkina Faso,Africa,Western Africa,854,2015,52.41387531290977
195,Burkina Faso,Africa,Western Africa,854,2005,52.16827589903714
196,Burkina Faso,Africa,Western Africa,854,1990,51.99981696348136
197,Burkina Faso,Africa,Western Africa,854,2000,51.84995740704063
198,Burundi,Africa,Eastern Africa,108,1995,51.27975735031567
199,Burundi,Africa,Eastern Africa,108,2000,51.36912153341612
200,Burundi,Africa,Eastern Africa,108,2010,50.76787710565802
201,Burundi,Africa,Eastern Africa,108,1990,50.98706133109183
202,Burundi,Africa,Eastern Africa,108,2015,50.73010006624594
203,Burundi,Africa,Eastern Africa,108,2005,50.944040167983616
204,Cabo Verde,Africa,Western Africa,132,2000,47.82805840210393
205,Cabo Verde,Africa,Western Africa,132,1995,48.982864014430305
206,Cabo Verde,Africa,Western Africa,132,2015,49.4304476011793
207,Cabo Verde,Africa,Western Africa,132,2010,49.25902734293467
208,Cabo Verde,Africa,Western Africa,132,1990,50.408688836636436
209,Cabo Verde,Africa,Western Africa,132,2005,48.63779527559055
210,Cambodia,Asia,South-Eastern Asia,116,1995,50.81752141385666
211,Cambodia,Asia,South-Eastern Asia,116,1990,50.26970684039088
212,Cambodia,Asia,South-Eastern Asia,116,2000,50.96142656672485
213,Cambodia,Asia,South-Eastern Asia,116,2010,47.07661905168523
214,Cambodia,Asia,South-Eastern Asia,116,2015,46.11630139394021
215,Cambodia,Asia,South-Eastern Asia,116,2005,49.56546903912094
216,Cameroon,Africa,Middle Africa,120,1995,45.28201762913993
217,Cameroon,Africa,Middle Africa,120,2005,44.9645779304854
218,Cameroon,Africa,Middle Africa,120,2000,45.4293883520227
219,Cameroon,Africa,Middle Africa,120,2015,51.14847742313814
220,Cameroon,Africa,Middle Africa,120,2010,44.59737591277487
221,Cameroon,Africa,Middle Africa,120,1990,45.15534551374819
222,Canada,North America,Northern America,124,2005,52.03413069780564
223,Canada,North America,Northern America,124,2010,52.13089693585686
224,Canada,North America,Northern America,124,2015,52.16302669567311
225,Canada,North America,Northern America,124,1990,51.31555080887209
226,Canada,North America,Northern America,124,1995,51.56808799908238
227,Canada,North America,Northern America,124,2000,51.75659489607421
228,Cayman Islands,Latin America and the Carribean,Caribbean,136,1995,49.95810055865922
229,Cayman Islands,Latin America and the Carribean,Caribbean,136,1990,50.76169170128901
230,Cayman Islands,Latin America and the Carribean,Caribbean,136,2010,48.821548821548824
231,Cayman Islands,Latin America and the Carribean,Caribbean,136,2005,49.15262064188409
232,Cayman Islands,Latin America and the Carribean,Caribbean,136,2015,48.819860069122484
233,Cayman Islands,Latin America and the Carribean,Caribbean,136,2000,49.57149535137381
234,Central African Republic,Africa,Middle Africa,140,2005,46.8115067390867
235,Central African Republic,Africa,Middle Africa,140,2015,47.10287016838648
236,Central African Republic,Africa,Middle Africa,140,1995,46.871991335044925
237,Central African Republic,Africa,Middle Africa,140,2000,46.865918124488985
238,Central African Republic,Africa,Middle Africa,140,2010,46.779577600410846
239,Central African Republic,Africa,Middle Africa,140,1990,46.92268792575185
240,Chad,Africa,Middle Africa,148,2005,54.63441098442888
241,Chad,Africa,Middle Africa,148,2000,46.13594085380396
242,Chad,Africa,Middle Africa,148,2015,53.93525324584887
243,Chad,Africa,Middle Africa,148,1995,46.08635470619753
244,Chad,Africa,Middle Africa,148,1990,46.015711172688384
245,Chad,Africa,Middle Africa,148,2010,55.202147153917736
246,Channel Islands,Europe,Northern Europe,830,2005,52.621192258355535
247,Channel Islands,Europe,Northern Europe,830,2000,52.980513522340246
248,Channel Islands,Europe,Northern Europe,830,1995,52.96022736661213
249,Channel Islands,Europe,Northern Europe,830,2015,52.205766216725195
250,Channel Islands,Europe,Northern Europe,830,2010,52.331111999071936
251,Channel Islands,Europe,Northern Europe,830,1990,52.959779435614664
252,Chile,Latin America and the Carribean,South America,152,2005,52.668042021478946
253,Chile,Latin America and the Carribean,South America,152,2010,52.87979514719735
254,Chile,Latin America and the Carribean,South America,152,2000,52.226896442830395
255,Chile,Latin America and the Carribean,South America,152,2015,52.879625763682384
256,Chile,Latin America and the Carribean,South America,152,1990,49.259076659752004
257,Chile,Latin America and the Carribean,South America,152,1995,51.10696054544051
258,China,Asia,Eastern Asia,156,1995,49.56603150624833
259,China,Asia,Eastern Asia,156,2005,44.0427603332808
260,China,Asia,Eastern Asia,156,2000,49.98720558072885
261,China,Asia,Eastern Asia,156,1990,48.997372203814955
262,China,Asia,Eastern Asia,156,2015,38.63928690470592
263,China,Asia,Eastern Asia,156,2010,40.48932707819279
264,"China, Hong Kong Special Administrative Region",Asia,Eastern Asia,344,2015,60.54634837150562
265,"China, Hong Kong Special Administrative Region",Asia,Eastern Asia,344,1990,49.30999836373938
266,"China, Hong Kong Special Administrative Region",Asia,Eastern Asia,344,2010,58.720876274753145
267,"China, Hong Kong Special Administrative Region",Asia,Eastern Asia,344,1995,51.915542937673244
268,"China, Hong Kong Special Administrative Region",Asia,Eastern Asia,344,2005,56.449149007711576
269,"China, Hong Kong Special Administrative Region",Asia,Eastern Asia,344,2000,54.081192242242956
270,"China, Macao Special Administrative Region",Asia,Eastern Asia,446,2005,53.31784266830882
271,"China, Macao Special Administrative Region",Asia,Eastern Asia,446,2010,54.03320502596497
272,"China, Macao Special Administrative Region",Asia,Eastern Asia,446,1995,53.91434630483397
273,"China, Macao Special Administrative Region",Asia,Eastern Asia,446,2015,54.56940849656991
274,"China, Macao Special Administrative Region",Asia,Eastern Asia,446,2000,54.57014589415717
275,"China, Macao Special Administrative Region",Asia,Eastern Asia,446,1990,52.996630040917445
276,Colombia,Latin America and the Carribean,South America,170,2010,47.19443796219552
277,Colombia,Latin America and the Carribean,South America,170,2005,48.23439765081961
278,Colombia,Latin America and the Carribean,South America,170,1995,48.883049848984975
279,Colombia,Latin America and the Carribean,South America,170,2015,46.736370874457315
280,Colombia,Latin America and the Carribean,South America,170,2000,48.705854446258975
281,Colombia,Latin America and the Carribean,South America,170,1990,49.06930579130585
282,Comoros,Africa,Eastern Africa,174,1995,52.55039816342636
283,Comoros,Africa,Eastern Africa,174,2000,52.81542140734836
284,Comoros,Africa,Eastern Africa,174,2015,51.64476304261251
285,Comoros,Africa,Eastern Africa,174,2010,51.9733713742273
286,Comoros,Africa,Eastern Africa,174,2005,52.41123476417594
287,Comoros,Africa,Eastern Africa,174,1990,52.2906456424462
288,Congo,Africa,Middle Africa,178,2010,45.62598743235418
289,Congo,Africa,Middle Africa,178,1990,50.29360247536594
290,Congo,Africa,Middle Africa,178,2015,45.22234322995654
291,Congo,Africa,Middle Africa,178,2000,49.94590199408528
292,Congo,Africa,Middle Africa,178,2005,45.622037952277324
293,Congo,Africa,Middle Africa,178,1995,49.99765178594725
294,Cook Islands,Oceania,Polynesia,184,2000,44.272890484739676
295,Cook Islands,Oceania,Polynesia,184,1995,44.26656738644825
296,Cook Islands,Oceania,Polynesia,184,1990,44.221105527638194
297,Cook Islands,Oceania,Polynesia,184,2010,49.72141151499071
298,Cook Islands,Oceania,Polynesia,184,2005,47.39090631675313
299,Cook Islands,Oceania,Polynesia,184,2015,49.95183044315992
300,Costa Rica,Latin America and the Carribean,Central America,188,2015,51.95294251559769
301,Costa Rica,Latin America and the Carribean,Central America,188,2010,51.68449250624069
302,Costa Rica,Latin America and the Carribean,Central America,188,1990,49.19569569090195
303,Costa Rica,Latin America and the Carribean,Central America,188,2005,50.76847909541426
304,Costa Rica,Latin America and the Carribean,Central America,188,1995,49.357237562690955
305,Costa Rica,Latin America and the Carribean,Central America,188,2000,49.573880995413994
306,Croatia,Europe,Southern Europe,191,1990,53.194527993134756
307,Croatia,Europe,Southern Europe,191,2010,53.16756447471251
308,Croatia,Europe,Southern Europe,191,1995,53.16124821053725
309,Croatia,Europe,Southern Europe,191,2005,53.10587581330392
310,Croatia,Europe,Southern Europe,191,2000,53.0456280390502
311,Croatia,Europe,Southern Europe,191,2015,53.32034398656227
312,Cuba,Latin America and the Carribean,Caribbean,192,1990,49.99855303139922
313,Cuba,Latin America and the Carribean,Caribbean,192,2005,55.70698466780238
314,Cuba,Latin America and the Carribean,Caribbean,192,2000,55.99955101582669
315,Cuba,Latin America and the Carribean,Caribbean,192,2015,55.38392321535694
316,Cuba,Latin America and the Carribean,Caribbean,192,2010,55.38534215143744
317,Cuba,Latin America and the Carribean,Caribbean,192,1995,52.04108909000649
318,Curaçao,Latin America and the Carribean,Caribbean,531,2005,..
319,Curaçao,Latin America and the Carribean,Caribbean,531,2015,58.87639254473426
320,Curaçao,Latin America and the Carribean,Caribbean,531,1995,..
321,Curaçao,Latin America and the Carribean,Caribbean,531,2000,..
322,Curaçao,Latin America and the Carribean,Caribbean,531,2010,59.00597799405089
323,Curaçao,Latin America and the Carribean,Caribbean,531,1990,..
324,Cyprus,Asia,Western Asia,196,2000,56.6099705279984
325,Cyprus,Asia,Western Asia,196,2010,56.21398125828132
326,Cyprus,Asia,Western Asia,196,1995,55.435010736022996
327,Cyprus,Asia,Western Asia,196,2005,56.965817436947894
328,Cyprus,Asia,Western Asia,196,1990,53.28615454856751
329,Cyprus,Asia,Western Asia,196,2015,55.66022827488823
330,Czech Republic,Europe,Eastern Europe,203,2005,43.66001116140634
331,Czech Republic,Europe,Eastern Europe,203,1995,46.66650562829122
332,Czech Republic,Europe,Eastern Europe,203,2015,42.754626715346845
333,Czech Republic,Europe,Eastern Europe,203,1990,47.99989129844013
334,Czech Republic,Europe,Eastern Europe,203,2010,40.687557348819084
335,Czech Republic,Europe,Eastern Europe,203,2000,45.99957425415215
336,Côte d'Ivoire,Africa,Western Africa,384,2015,44.625514675698575
337,Côte d'Ivoire,Africa,Western Africa,384,1995,44.58132705064646
338,Côte d'Ivoire,Africa,Western Africa,384,2010,44.61749201144529
339,Côte d'Ivoire,Africa,Western Africa,384,1990,44.30001552499249
340,Côte d'Ivoire,Africa,Western Africa,384,2005,44.62021539428612
341,Côte d'Ivoire,Africa,Western Africa,384,2000,44.60756167461079
342,Democratic People's Republic of Korea,Asia,Eastern Asia,408,2005,50.74693867371624
343,Democratic People's Republic of Korea,Asia,Eastern Asia,408,2000,50.9963242406655
344,Democratic People's Republic of Korea,Asia,Eastern Asia,408,2015,50.24557348631805
345,Democratic People's Republic of Korea,Asia,Eastern Asia,408,1995,50.02703241043736
346,Democratic People's Republic of Korea,Asia,Eastern Asia,408,1990,48.998621822127085
347,Democratic People's Republic of Korea,Asia,Eastern Asia,408,2010,50.54305839581913
348,Democratic Republic of the Congo,Africa,Middle Africa,180,2000,50.95400645094554
349,Democratic Republic of the Congo,Africa,Middle Africa,180,1990,51.85363447601014
350,Democratic Republic of the Congo,Africa,Middle Africa,180,2015,51.53969074243074
351,Democratic Republic of the Congo,Africa,Middle Africa,180,2005,51.46812572145989
352,Democratic Republic of the Congo,Africa,Middle Africa,180,2010,51.737159351388065
353,Democratic Republic of the Congo,Africa,Middle Africa,180,1995,50.39089953950631
354,Denmark,Europe,Northern Europe,208,2000,51.49207872224588
355,Denmark,Europe,Northern Europe,208,2005,51.61098407522543
356,Denmark,Europe,Northern Europe,208,2015,51.6001187731433
357,Denmark,Europe,Northern Europe,208,1995,51.43843118624385
358,Denmark,Europe,Northern Europe,208,1990,51.35359221732308
359,Denmark,Europe,Northern Europe,208,2010,51.69753207517558
360,Djibouti,Africa,Eastern Africa,262,2005,44.27794246994821
361,Djibouti,Africa,Eastern Africa,262,2000,47.346950958639695
362,Djibouti,Africa,Eastern Africa,262,2015,47.4139081984139
363,Djibouti,Africa,Eastern Africa,262,2010,47.53138075313807
364,Djibouti,Africa,Eastern Africa,262,1995,47.40513560647062
365,Djibouti,Africa,Eastern Africa,262,1990,47.43783801474378
366,Dominica,Latin America and the Carribean,Caribbean,212,1995,47.99743671900032
367,Dominica,Latin America and the Carribean,Caribbean,212,2010,47.49349522983521
368,Dominica,Latin America and the Carribean,Caribbean,212,2005,47.491568296795954
369,Dominica,Latin America and the Carribean,Caribbean,212,2000,47.48858447488584
370,Dominica,Latin America and the Carribean,Caribbean,212,1990,48.03493449781659
371,Dominica,Latin America and the Carribean,Caribbean,212,2015,47.5
372,Dominican Republic,Latin America and the Carribean,Caribbean,214,1995,38.51153902053615
373,Dominican Republic,Latin America and the Carribean,Caribbean,214,2015,39.38599108681214
374,Dominican Republic,Latin America and the Carribean,Caribbean,214,2010,39.36249111043381
375,Dominican Republic,Latin America and the Carribean,Caribbean,214,2000,39.25722207693238
376,Dominican Republic,Latin America and the Carribean,Caribbean,214,1990,37.60042040041078
377,Dominican Republic,Latin America and the Carribean,Caribbean,214,2005,39.313991186193654
378,Ecuador,Latin America and the Carribean,South America,218,2010,48.43560790002643
379,Ecuador,Latin America and the Carribean,South America,218,2015,48.29799258347462
380,Ecuador,Latin America and the Carribean,South America,218,1995,49.71110319480768
381,Ecuador,Latin America and the Carribean,South America,218,2000,49.03282009991882
382,Ecuador,Latin America and the Carribean,South America,218,2005,48.67345414185396
383,Ecuador,Latin America and the Carribean,South America,218,1990,51.017632177771
384,Egypt,Africa,Northern Africa,818,2000,46.841201023914394
385,Egypt,Africa,Northern Africa,818,2015,46.088116783926544
386,Egypt,Africa,Northern Africa,818,2005,42.23488235444396
387,Egypt,Africa,Northern Africa,818,1990,47.07900614824879
388,Egypt,Africa,Northern Africa,818,1995,46.96475098080321
389,Egypt,Africa,Northern Africa,818,2010,43.840670377459304
390,El Salvador,Latin America and the Carribean,Central America,222,2010,52.51463148497173
391,El Salvador,Latin America and the Carribean,Central America,222,1995,53.0465133925184
392,El Salvador,Latin America and the Carribean,Central America,222,2005,52.722174407951364
393,El Salvador,Latin America and the Carribean,Central America,222,2000,52.9877337369533
394,El Salvador,Latin America and the Carribean,Central America,222,2015,52.441431799262695
395,El Salvador,Latin America and the Carribean,Central America,222,1990,53.08699324324324
396,Equatorial Guinea,Africa,Middle Africa,226,2015,44.75750577367206
397,Equatorial Guinea,Africa,Middle Africa,226,2000,47.00022138587558
398,Equatorial Guinea,Africa,Middle Africa,226,2005,45.90163934426229
399,Equatorial Guinea,Africa,Middle Africa,226,1990,46.53284671532847
400,Equatorial Guinea,Africa,Middle Africa,226,2010,45.32224532224532
401,Equatorial Guinea,Africa,Middle Africa,226,1995,46.817305042711496
402,Eritrea,Africa,Eastern Africa,232,1995,47.24193548387097
403,Eritrea,Africa,Eastern Africa,232,1990,47.43416610398379
404,Eritrea,Africa,Eastern Africa,232,2010,45.11992855320235
405,Eritrea,Africa,Eastern Africa,232,2005,46.0039122537376
406,Eritrea,Africa,Eastern Africa,232,2000,47.06609017912292
407,Eritrea,Africa,Eastern Africa,232,2015,44.58942349915313
408,Estonia,Europe,Northern Europe,233,2005,59.673257709637525
409,Estonia,Europe,Northern Europe,233,2010,59.776033778512094
410,Estonia,Europe,Northern Europe,233,2000,59.583507005675074
411,Estonia,Europe,Northern Europe,233,1990,55.054359065647105
412,Estonia,Europe,Northern Europe,233,2015,59.85282780160911
413,Estonia,Europe,Northern Europe,233,1995,56.843755443302555
414,Ethiopia,Africa,Eastern Africa,231,1990,47.439046555708465
415,Ethiopia,Africa,Eastern Africa,231,2000,47.296788924800126
416,Ethiopia,Africa,Eastern Africa,231,2005,47.54901388840273
417,Ethiopia,Africa,Eastern Africa,231,1995,47.4389766316687
418,Ethiopia,Africa,Eastern Africa,231,2010,47.59141830479814
419,Ethiopia,Africa,Eastern Africa,231,2015,49.013233620610116
420,Faeroe Islands,Europe,Northern Europe,234,2005,46.54156665939341
421,Faeroe Islands,Europe,Northern Europe,234,1995,45.689655172413794
422,Faeroe Islands,Europe,Northern Europe,234,2015,49.33840855537429
423,Faeroe Islands,Europe,Northern Europe,234,2000,46.53492902866685
424,Faeroe Islands,Europe,Northern Europe,234,2010,47.017268445839875
425,Faeroe Islands,Europe,Northern Europe,234,1990,43.05717619603267
426,Falkland Islands (Malvinas),Latin America and the Carribean,South America,238,2005,42.109777015437395
427,Falkland Islands (Malvinas),Latin America and the Carribean,South America,238,2010,43.80222841225627
428,Falkland Islands (Malvinas),Latin America and the Carribean,South America,238,2015,44.43029917250159
429,Falkland Islands (Malvinas),Latin America and the Carribean,South America,238,1995,41.244239631336406
430,Falkland Islands (Malvinas),Latin America and the Carribean,South America,238,1990,42.92397660818714
431,Falkland Islands (Malvinas),Latin America and the Carribean,South America,238,2000,40.393626991565135
432,Fiji,Oceania,Melanesia,242,1995,48.265518037074074
433,Fiji,Oceania,Melanesia,242,1990,48.45290973424678
434,Fiji,Oceania,Melanesia,242,2010,46.54333008763388
435,Fiji,Oceania,Melanesia,242,2000,48.10126582278481
436,Fiji,Oceania,Melanesia,242,2015,46.033015780670496
437,Fiji,Oceania,Melanesia,242,2005,47.213510253317246
438,Finland,Europe,Northern Europe,246,1995,50.29028667689438
439,Finland,Europe,Northern Europe,246,2000,50.464380373413206
440,Finland,Europe,Northern Europe,246,2005,49.82073071098876
441,Finland,Europe,Northern Europe,246,2015,49.142240274027245
442,Finland,Europe,Northern Europe,246,2010,49.467427005460735
443,Finland,Europe,Northern Europe,246,1990,49.913840803098566
444,France,Europe,Western Europe,250,1990,49.13955905337167
445,France,Europe,Western Europe,250,2015,51.40781237595412
446,France,Europe,Western Europe,250,1995,49.965727621565925
447,France,Europe,Western Europe,250,2005,51.00838577535028
448,France,Europe,Western Europe,250,2000,50.74171192272053
449,France,Europe,Western Europe,250,2010,51.24105795596486
450,French Guiana,Latin America and the Carribean,South America,254,2005,50.584031086644764
451,French Guiana,Latin America and the Carribean,South America,254,2015,52.502167602819775
452,French Guiana,Latin America and the Carribean,South America,254,1990,45.22574357039552
453,French Guiana,Latin America and the Carribean,South America,254,1995,47.42838402418331
454,French Guiana,Latin America and the Carribean,South America,254,2000,49.25569805215984
455,French Guiana,Latin America and the Carribean,South America,254,2010,51.640910601528745
456,French Polynesia,Oceania,Polynesia,258,1990,40.20905923344948
457,French Polynesia,Oceania,Polynesia,258,2015,42.990218910107124
458,French Polynesia,Oceania,Polynesia,258,2005,42.993867310908755
459,French Polynesia,Oceania,Polynesia,258,2000,41.95654324244123
460,French Polynesia,Oceania,Polynesia,258,1995,41.15303244005642
461,French Polynesia,Oceania,Polynesia,258,2010,42.99304677623262
462,Gabon,Africa,Middle Africa,266,1990,42.91842475386779
463,Gabon,Africa,Middle Africa,266,2015,42.93847621318708
464,Gabon,Africa,Middle Africa,266,2000,42.92814374319301
465,Gabon,Africa,Middle Africa,266,1995,42.92746384959339
466,Gabon,Africa,Middle Africa,266,2005,42.89310349658841
467,Gabon,Africa,Middle Africa,266,2010,42.843207974031934
468,Gambia,Africa,Western Africa,270,2005,47.098760341936725
469,Gambia,Africa,Western Africa,270,2015,47.283161940376026
470,Gambia,Africa,Western Africa,270,1995,45.623964477433894
471,Gambia,Africa,Western Africa,270,2010,47.19831182743604
472,Gambia,Africa,Western Africa,270,1990,43.866986107701294
473,Gambia,Africa,Western Africa,270,2000,46.77778143046561
474,Georgia,Asia,Western Asia,268,2005,56.89647406221066
475,Georgia,Asia,Western Asia,268,2000,56.90256175663312
476,Georgia,Asia,Western Asia,268,1990,56.22406148389004
477,Georgia,Asia,Western Asia,268,2010,56.88960604164609
478,Georgia,Asia,Western Asia,268,1995,56.49057281379063
479,Georgia,Asia,Western Asia,268,2015,56.83641189085438
480,Germany,Europe,Western Europe,276,1990,44.52446783546526
481,Germany,Europe,Western Europe,276,2010,52.43972568627975
482,Germany,Europe,Western Europe,276,2000,49.918260851579475
483,Germany,Europe,Western Europe,276,1995,47.773513391420565
484,Germany,Europe,Western Europe,276,2005,51.338924727841885
485,Germany,Europe,Western Europe,276,2015,52.439726496352975
486,Ghana,Africa,Western Africa,288,2010,46.12794013358376
487,Ghana,Africa,Western Africa,288,2000,49.22834431970606
488,Ghana,Africa,Western Africa,288,1995,49.611078816350904
489,Ghana,Africa,Western Africa,288,2005,47.653037091539765
490,Ghana,Africa,Western Africa,288,1990,49.63330522714451
491,Ghana,Africa,Western Africa,288,2015,45.567012373864436
492,Gibraltar,Europe,Southern Europe,292,1990,48.00780801469744
493,Gibraltar,Europe,Southern Europe,292,2005,50.94995114536967
494,Gibraltar,Europe,Southern Europe,292,1995,49.9343753728672
495,Gibraltar,Europe,Southern Europe,292,2015,49.4713059195662
496,Gibraltar,Europe,Southern Europe,292,2010,50.13019577587038
497,Gibraltar,Europe,Southern Europe,292,2000,52.011422895455674
498,Greece,Europe,Southern Europe,300,2005,50.64470100536907
499,Greece,Europe,Southern Europe,300,1995,48.12566299469604
500,Greece,Europe,Southern Europe,300,2000,49.64364264414189
501,Greece,Europe,Southern Europe,300,1990,46.60780180509562
502,Greece,Europe,Southern Europe,300,2015,53.64824863140375
503,Greece,Europe,Southern Europe,300,2010,51.521127403919984
504,Greenland,North America,Northern America,304,2010,32.380340507548986
505,Greenland,North America,Northern America,304,1995,31.543715846994537
506,Greenland,North America,Northern America,304,2000,30.08142116950407
507,Greenland,North America,Northern America,304,1990,30.278249787595584
508,Greenland,North America,Northern America,304,2005,31.962309303021236
509,Greenland,North America,Northern America,304,2015,34.248627059410886
510,Grenada,Latin America and the Carribean,Caribbean,308,2000,50.38827838827839
511,Grenada,Latin America and the Carribean,Caribbean,308,2015,50.37551367436588
512,Grenada,Latin America and the Carribean,Caribbean,308,2010,50.38681948424069
513,Grenada,Latin America and the Carribean,Caribbean,308,1990,50.5981703026038
514,Grenada,Latin America and the Carribean,Caribbean,308,2005,50.39119095914227
515,Grenada,Latin America and the Carribean,Caribbean,308,1995,50.46897546897547
516,Guadeloupe,Latin America and the Carribean,Caribbean,312,2000,52.183007164494875
517,Guadeloupe,Latin America and the Carribean,Caribbean,312,2015,55.47727572659811
518,Guadeloupe,Latin America and the Carribean,Caribbean,312,2005,53.65968674563521
519,Guadeloupe,Latin America and the Carribean,Caribbean,312,2010,54.95355058878052
520,Guadeloupe,Latin America and the Carribean,Caribbean,312,1995,51.388032078963604
521,Guadeloupe,Latin America and the Carribean,Caribbean,312,1990,50.38517530025476
522,Guam,Oceania,Micronesia,316,2015,48.42092812364468
523,Guam,Oceania,Micronesia,316,2005,48.35369198453367
524,Guam,Oceania,Micronesia,316,2010,48.38761005622149
525,Guam,Oceania,Micronesia,316,2000,48.319157553665455
526,Guam,Oceania,Micronesia,316,1995,46.0145733674491
527,Guam,Oceania,Micronesia,316,1990,43.56820299620099
528,Guatemala,Latin America and the Carribean,Central America,320,2000,55.919699079365735
529,Guatemala,Latin America and the Carribean,Central America,320,2015,52.67183570829841
530,Guatemala,Latin America and the Carribean,Central America,320,2005,54.47495284007545
531,Guatemala,Latin America and the Carribean,Central America,320,1995,57.15868056444797
532,Guatemala,Latin America and the Carribean,Central America,320,2010,53.42703060978549
533,Guatemala,Latin America and the Carribean,Central America,320,1990,57.384288779483605
534,Guinea,Africa,Western Africa,324,2015,50.71077390516302
535,Guinea,Africa,Western Africa,324,2005,51.33595515894274
536,Guinea,Africa,Western Africa,324,2000,50.16595991608267
537,Guinea,Africa,Western Africa,324,1990,50.13639032656874
538,Guinea,Africa,Western Africa,324,1995,50.09238158565794
539,Guinea,Africa,Western Africa,324,2010,50.781284280219005
540,Guinea-Bissau,Africa,Western Africa,624,2015,51.524649621636144
541,Guinea-Bissau,Africa,Western Africa,624,1995,50.52752047494725
542,Guinea-Bissau,Africa,Western Africa,624,2000,50.34229828850856
543,Guinea-Bissau,Africa,Western Africa,624,2010,51.06120317173924
544,Guinea-Bissau,Africa,Western Africa,624,2005,50.33757716049383
545,Guinea-Bissau,Africa,Western Africa,624,1990,49.96746486205102
546,Guyana,Latin America and the Carribean,South America,328,2000,46.44599303135888
547,Guyana,Latin America and the Carribean,South America,328,2015,46.509360374414975
548,Guyana,Latin America and the Carribean,South America,328,1995,46.3948362720403
549,Guyana,Latin America and the Carribean,South America,328,1990,46.275946275946275
550,Guyana,Latin America and the Carribean,South America,328,2005,46.47589252852411
551,Guyana,Latin America and the Carribean,South America,328,2010,46.495505104373
552,Haiti,Latin America and the Carribean,Caribbean,332,1995,43.73942470389171
553,Haiti,Latin America and the Carribean,Caribbean,332,2005,42.84823421294473
554,Haiti,Latin America and the Carribean,Caribbean,332,1990,44.42464892056173
555,Haiti,Latin America and the Carribean,Caribbean,332,2010,42.56494986326344
556,Haiti,Latin America and the Carribean,Caribbean,332,2015,42.386602241392396
557,Haiti,Latin America and the Carribean,Caribbean,332,2000,43.233199132858466
558,Holy See,Europe,Southern Europe,336,2010,52.816020025031285
559,Holy See,Europe,Southern Europe,336,2005,52.33291298865069
560,Holy See,Europe,Southern Europe,336,2000,51.84243964421855
561,Holy See,Europe,Southern Europe,336,1990,51.16883116883116
562,Holy See,Europe,Southern Europe,336,1995,51.47625160462132
563,Holy See,Europe,Southern Europe,336,2015,53.25
564,Honduras,Latin America and the Carribean,Central America,340,1990,49.1267384800849
565,Honduras,Latin America and the Carribean,Central America,340,2015,47.18204488778055
566,Honduras,Latin America and the Carribean,Central America,340,2005,48.18295964125561
567,Honduras,Latin America and the Carribean,Central America,340,2000,48.76849021467974
568,Honduras,Latin America and the Carribean,Central America,340,1995,49.09262456337576
569,Honduras,Latin America and the Carribean,Central America,340,2010,47.57402521254764
570,Hungary,Europe,Eastern Europe,348,2000,53.45487730546847
571,Hungary,Europe,Eastern Europe,348,2015,50.86804319977226
572,Hungary,Europe,Eastern Europe,348,1990,55.055969612385255
573,Hungary,Europe,Eastern Europe,348,2010,51.854260952415856
574,Hungary,Europe,Eastern Europe,348,1995,54.31829043490134
575,Hungary,Europe,Eastern Europe,348,2005,52.50213339076903
576,Iceland,Europe,Northern Europe,352,2000,54.650138434432414
577,Iceland,Europe,Northern Europe,352,1990,55.67612687813022
578,Iceland,Europe,Northern Europe,352,1995,55.04003768252473
579,Iceland,Europe,Northern Europe,352,2005,51.30629217009258
580,Iceland,Europe,Northern Europe,352,2015,51.612387399392354
581,Iceland,Europe,Northern Europe,352,2010,49.79054458408139
582,India,Asia,Southern Asia,356,1990,47.760717578221545
583,India,Asia,Southern Asia,356,1995,48.088975089748075
584,India,Asia,Southern Asia,356,2005,48.58411429995263
585,India,Asia,Southern Asia,356,2000,48.472627584666505
586,India,Asia,Southern Asia,356,2015,48.7750335816339
587,India,Asia,Southern Asia,356,2010,48.715602540980406
588,Indonesia,Asia,South-Eastern Asia,360,1995,49.44057420308212
589,Indonesia,Asia,South-Eastern Asia,360,2005,42.84831196817328
590,Indonesia,Asia,South-Eastern Asia,360,1990,50.627346374234335
591,Indonesia,Asia,South-Eastern Asia,360,2000,47.55000735528058
592,Indonesia,Asia,South-Eastern Asia,360,2015,42.28301393357377
593,Indonesia,Asia,South-Eastern Asia,360,2010,42.745632186918826
594,Iran (Islamic Republic of),Asia,Southern Asia,364,1990,42.75562895991496
595,Iran (Islamic Republic of),Asia,Southern Asia,364,2015,46.991439323361774
596,Iran (Islamic Republic of),Asia,Southern Asia,364,2010,43.08570406375235
597,Iran (Islamic Republic of),Asia,Southern Asia,364,2000,40.71399401884225
598,Iran (Islamic Republic of),Asia,Southern Asia,364,2005,45.10091750261782
599,Iran (Islamic Republic of),Asia,Southern Asia,364,1995,41.927678689354956
600,Iraq,Asia,Western Asia,368,1995,42.43407199438484
601,Iraq,Asia,Western Asia,368,2010,37.84340951877944
602,Iraq,Asia,Western Asia,368,2000,42.77924237026481
603,Iraq,Asia,Western Asia,368,2015,41.4681771555975
604,Iraq,Asia,Western Asia,368,2005,39.14682315765715
605,Iraq,Asia,Western Asia,368,1990,33.34249982065568
606,Ireland,Europe,Northern Europe,372,1995,52.3632388978016
607,Ireland,Europe,Northern Europe,372,2005,47.38781012009249
608,Ireland,Europe,Northern Europe,372,2015,51.28762093640287
609,Ireland,Europe,Northern Europe,372,2010,50.66128983686086
610,Ireland,Europe,Northern Europe,372,1990,50.827992507490315
611,Ireland,Europe,Northern Europe,372,2000,50.66095757548096
612,Isle of Man,Europe,Northern Europe,833,2000,51.98964155684324
613,Isle of Man,Europe,Northern Europe,833,2015,50.48097123018067
614,Isle of Man,Europe,Northern Europe,833,1990,52.9149529753516
615,Isle of Man,Europe,Northern Europe,833,2010,50.83434989757636
616,Isle of Man,Europe,Northern Europe,833,1995,52.42639483814998
617,Isle of Man,Europe,Northern Europe,833,2005,51.2622061482821
618,Israel,Asia,Western Asia,376,1995,53.669403549298764
619,Israel,Asia,Western Asia,376,1990,52.79138165889224
620,Israel,Asia,Western Asia,376,2005,54.07231425406576
621,Israel,Asia,Western Asia,376,2010,54.35531870717697
622,Israel,Asia,Western Asia,376,2015,54.62112901004957
623,Israel,Asia,Western Asia,376,2000,53.88603415205133
624,Italy,Europe,Southern Europe,380,2000,53.96632304089951
625,Italy,Europe,Southern Europe,380,1990,55.01992341510651
626,Italy,Europe,Southern Europe,380,2015,54.94027768780635
627,Italy,Europe,Southern Europe,380,2005,53.97252445768296
628,Italy,Europe,Southern Europe,380,1995,54.39019828119489
629,Italy,Europe,Southern Europe,380,2010,53.97480568490123
630,Jamaica,Latin America and the Carribean,Caribbean,388,2010,49.216539257507286
631,Jamaica,Latin America and the Carribean,Caribbean,388,1990,51.252747252747255
632,Jamaica,Latin America and the Carribean,Caribbean,388,2015,49.21224155048129
633,Jamaica,Latin America and the Carribean,Caribbean,388,2000,49.89179224110292
634,Jamaica,Latin America and the Carribean,Caribbean,388,2005,49.564037180225384
635,Jamaica,Latin America and the Carribean,Caribbean,388,1995,50.50411658521552
636,Japan,Asia,Eastern Asia,392,1995,51.30812680065194
637,Japan,Asia,Eastern Asia,392,2015,55.023761214593634
638,Japan,Asia,Eastern Asia,392,2000,52.74560690443961
639,Japan,Asia,Eastern Asia,392,1990,49.054225167483864
640,Japan,Asia,Eastern Asia,392,2005,54.0694196876571
641,Japan,Asia,Eastern Asia,392,2010,55.02380103376004
642,Jordan,Asia,Western Asia,400,2015,49.64126263726588
643,Jordan,Asia,Western Asia,400,2005,49.09960118929361
644,Jordan,Asia,Western Asia,400,2010,49.161893408809384
645,Jordan,Asia,Western Asia,400,1995,48.947594068559106
646,Jordan,Asia,Western Asia,400,2000,49.0116165978074
647,Jordan,Asia,Western Asia,400,1990,48.83992571197776
648,Kazakhstan,Asia,Central Asia,398,2010,51.2680743820216
649,Kazakhstan,Asia,Central Asia,398,2005,52.515016297331385
650,Kazakhstan,Asia,Central Asia,398,1995,53.963207765195286
651,Kazakhstan,Asia,Central Asia,398,2000,53.96318740640128
652,Kazakhstan,Asia,Central Asia,398,2015,50.42875533794334
653,Kazakhstan,Asia,Central Asia,398,1990,53.96319628647215
654,Kenya,Africa,Eastern Africa,404,2000,50.139528763235916
655,Kenya,Africa,Eastern Africa,404,2005,48.30055463512725
656,Kenya,Africa,Eastern Africa,404,1995,47.92862972630082
657,Kenya,Africa,Eastern Africa,404,1990,45.89427229794276
658,Kenya,Africa,Eastern Africa,404,2010,50.44624411651433
659,Kenya,Africa,Eastern Africa,404,2015,50.04929188449929
660,Kiribati,Oceania,Micronesia,296,2005,47.24567752312023
661,Kiribati,Oceania,Micronesia,296,1995,48.762932973459286
662,Kiribati,Oceania,Micronesia,296,2015,47.28829686013321
663,Kiribati,Oceania,Micronesia,296,1990,48.797409805735434
664,Kiribati,Oceania,Micronesia,296,2010,47.28033472803347
665,Kiribati,Oceania,Micronesia,296,2000,47.96320630749015
666,Kuwait,Asia,Western Asia,414,1990,39.04658546097278
667,Kuwait,Asia,Western Asia,414,2005,31.106172754320582
668,Kuwait,Asia,Western Asia,414,2015,34.119664942626585
669,Kuwait,Asia,Western Asia,414,2010,30.01399384570009
670,Kuwait,Asia,Western Asia,414,1995,35.84799241610753
671,Kuwait,Asia,Western Asia,414,2000,32.468518321450105
672,Kyrgyzstan,Asia,Central Asia,417,1990,58.20524713400943
673,Kyrgyzstan,Asia,Central Asia,417,2000,58.20519665877738
674,Kyrgyzstan,Asia,Central Asia,417,2015,59.57765360941766
675,Kyrgyzstan,Asia,Central Asia,417,2010,59.24686084030565
676,Kyrgyzstan,Asia,Central Asia,417,2005,58.598516444708636
677,Kyrgyzstan,Asia,Central Asia,417,1995,58.20523774436798
678,Lao People's Democratic Republic,Asia,South-Eastern Asia,418,1990,48.36875710662119
679,Lao People's Democratic Republic,Asia,South-Eastern Asia,418,2015,46.34058622549901
680,Lao People's Democratic Republic,Asia,South-Eastern Asia,418,2005,46.345294781797655
681,Lao People's Democratic Republic,Asia,South-Eastern Asia,418,2010,46.34411139957517
682,Lao People's Democratic Republic,Asia,South-Eastern Asia,418,1995,48.14673127603503
683,Lao People's Democratic Republic,Asia,South-Eastern Asia,418,2000,47.31182795698925
684,Latvia,Europe,Northern Europe,428,2000,58.70732580466691
685,Latvia,Europe,Northern Europe,428,1990,54.985007902391146
686,Latvia,Europe,Northern Europe,428,2015,60.979530719123154
687,Latvia,Europe,Northern Europe,428,2005,58.923618023757385
688,Latvia,Europe,Northern Europe,428,2010,60.26750715455756
689,Latvia,Europe,Northern Europe,428,1995,56.47295170165753
690,Lebanon,Asia,Western Asia,422,2005,48.42240322205543
691,Lebanon,Asia,Western Asia,422,1995,48.937782651080134
692,Lebanon,Asia,Western Asia,422,1990,48.83987374282261
693,Lebanon,Asia,Western Asia,422,2000,49.01163638147935
694,Lebanon,Asia,Western Asia,422,2015,51.947916082683946
695,Lebanon,Asia,Western Asia,422,2010,47.924767411397
696,Lesotho,Africa,Southern Africa,426,2000,45.92184206259121
697,Lesotho,Africa,Southern Africa,426,2010,45.91518553164951
698,Lesotho,Africa,Southern Africa,426,2005,45.91414944356121
699,Lesotho,Africa,Southern Africa,426,1995,46.87673514714048
700,Lesotho,Africa,Southern Africa,426,1990,47.59708737864078
701,Lesotho,Africa,Southern Africa,426,2015,45.861229458307974
702,Liberia,Africa,Western Africa,430,2000,45.92079964179419
703,Liberia,Africa,Western Africa,430,2005,41.295820525760426
704,Liberia,Africa,Western Africa,430,1990,43.216376732235375
705,Liberia,Africa,Western Africa,430,1995,46.468453177217434
706,Liberia,Africa,Western Africa,430,2015,42.97805394668612
707,Liberia,Africa,Western Africa,430,2010,42.61517820214065
708,Libya,Africa,Northern Africa,434,2015,28.78741509389921
709,Libya,Africa,Northern Africa,434,2000,34.9794514271213
710,Libya,Africa,Northern Africa,434,2010,28.400814037467946
711,Libya,Africa,Northern Africa,434,2005,28.728655240142544
712,Libya,Africa,Northern Africa,434,1995,40.77131570089816
713,Libya,Africa,Northern Africa,434,1990,46.89996171306679
714,Liechtenstein,Europe,Western Europe,438,2000,48.45960085254796
715,Liechtenstein,Europe,Western Europe,438,1995,46.90105927428443
716,Liechtenstein,Europe,Western Europe,438,2015,51.355722981313576
717,Liechtenstein,Europe,Western Europe,438,2005,50.079373478674995
718,Liechtenstein,Europe,Western Europe,438,1990,45.38785989363653
719,Liechtenstein,Europe,Western Europe,438,2010,51.360666010204994
720,Lithuania,Europe,Northern Europe,440,2000,53.084069413142586
721,Lithuania,Europe,Northern Europe,440,1990,52.87581100504498
722,Lithuania,Europe,Northern Europe,440,1995,52.97985649902955
723,Lithuania,Europe,Northern Europe,440,2005,53.18847566460745
724,Lithuania,Europe,Northern Europe,440,2010,56.7051476625283
725,Lithuania,Europe,Northern Europe,440,2015,57.95010144373548
726,Luxembourg,Europe,Western Europe,442,2015,49.39135666299007
727,Luxembourg,Europe,Western Europe,442,2000,50.42146690518784
728,Luxembourg,Europe,Western Europe,442,2010,50.092557403979356
729,Luxembourg,Europe,Western Europe,442,1995,50.603460580781245
730,Luxembourg,Europe,Western Europe,442,1990,50.73421503581
731,Luxembourg,Europe,Western Europe,442,2005,50.23768739460092
732,Madagascar,Africa,Eastern Africa,450,2000,43.60477464848562
733,Madagascar,Africa,Eastern Africa,450,2015,43.03975058456742
734,Madagascar,Africa,Eastern Africa,450,1995,43.8022382773764
735,Madagascar,Africa,Eastern Africa,450,2010,43.22781525687597
736,Madagascar,Africa,Eastern Africa,450,1990,44.19032487352092
737,Madagascar,Africa,Eastern Africa,450,2005,43.41852789930156
738,Malawi,Africa,Eastern Africa,454,1990,51.53778761470005
739,Malawi,Africa,Eastern Africa,454,2010,52.29283214374294
740,Malawi,Africa,Eastern Africa,454,2015,52.340140733786335
741,Malawi,Africa,Eastern Africa,454,2000,52.05485340899321
742,Malawi,Africa,Eastern Africa,454,2005,52.21035725725319
743,Malawi,Africa,Eastern Africa,454,1995,51.90957851869019
744,Malaysia,Asia,South-Eastern Asia,458,1995,42.92913775592937
745,Malaysia,Asia,South-Eastern Asia,458,1990,41.68755029313714
746,Malaysia,Asia,South-Eastern Asia,458,2000,44.18265252035079
747,Malaysia,Asia,South-Eastern Asia,458,2005,42.19464868806696
748,Malaysia,Asia,South-Eastern Asia,458,2015,39.16140961712929
749,Malaysia,Asia,South-Eastern Asia,458,2010,40.26602538392385
750,Maldives,Asia,Southern Asia,462,2015,29.702612503454283
751,Maldives,Asia,Southern Asia,462,2005,39.884559884559884
752,Maldives,Asia,Southern Asia,462,1995,50.06482982171799
753,Maldives,Asia,Southern Asia,462,2010,34.79294603554155
754,Maldives,Asia,Southern Asia,462,1990,45.02244216825872
755,Maldives,Asia,Southern Asia,462,2000,44.97637679019637
756,Mali,Africa,Western Africa,466,2000,48.40902493732682
757,Mali,Africa,Western Africa,466,1995,48.423549978148216
758,Mali,Africa,Western Africa,466,1990,48.95418574557038
759,Mali,Africa,Western Africa,466,2005,48.50251365864866
760,Mali,Africa,Western Africa,466,2015,48.75022373982844
761,Mali,Africa,Western Africa,466,2010,48.64069968836061
762,Malta,Europe,Southern Europe,470,2015,46.988562328072966
763,Malta,Europe,Southern Europe,470,1995,52.84103720405863
764,Malta,Europe,Southern Europe,470,1990,53.492074020030515
765,Malta,Europe,Southern Europe,470,2000,52.190883323265645
766,Malta,Europe,Southern Europe,470,2010,49.289686857695564
767,Malta,Europe,Southern Europe,470,2005,51.55130293159609
768,Marshall Islands,Oceania,Micronesia,584,2005,38.56019859329748
769,Marshall Islands,Oceania,Micronesia,584,2000,38.44526705446854
770,Marshall Islands,Oceania,Micronesia,584,2015,38.76370280146163
771,Marshall Islands,Oceania,Micronesia,584,2010,38.65328585302687
772,Marshall Islands,Oceania,Micronesia,584,1990,37.737478411053544
773,Marshall Islands,Oceania,Micronesia,584,1995,38.108108108108105
774,Martinique,Latin America and the Carribean,Caribbean,474,2000,53.294061513616676
775,Martinique,Latin America and the Carribean,Caribbean,474,1995,52.207128908345666
776,Martinique,Latin America and the Carribean,Caribbean,474,1990,50.67562330448262
777,Martinique,Latin America and the Carribean,Caribbean,474,2015,56.27966499813708
778,Martinique,Latin America and the Carribean,Caribbean,474,2005,54.60427113651506
779,Martinique,Latin America and the Carribean,Caribbean,474,2010,55.80360889634915
780,Mauritania,Africa,Western Africa,478,2000,45.676881776662135
781,Mauritania,Africa,Western Africa,478,1990,48.43797581728616
782,Mauritania,Africa,Western Africa,478,1995,47.5056385520645
783,Mauritania,Africa,Western Africa,478,2015,41.93048739885062
784,Mauritania,Africa,Western Africa,478,2010,42.60088097403134
785,Mauritania,Africa,Western Africa,478,2005,43.9288356647568
786,Mauritius,Africa,Eastern Africa,480,1990,51.20398560752837
787,Mauritius,Africa,Eastern Africa,480,2010,46.89966178128523
788,Mauritius,Africa,Eastern Africa,480,2015,44.61430820360329
789,Mauritius,Africa,Eastern Africa,480,2000,63.295374123399604
790,Mauritius,Africa,Eastern Africa,480,1995,56.91979180568531
791,Mauritius,Africa,Eastern Africa,480,2005,54.48160024431211
792,Mayotte,Africa,Eastern Africa,175,2015,53.731556525353284
793,Mayotte,Africa,Eastern Africa,175,2000,48.220961428508595
794,Mayotte,Africa,Eastern Africa,175,2005,50.354565024692924
795,Mayotte,Africa,Eastern Africa,175,1995,44.2202462380301
796,Mayotte,Africa,Eastern Africa,175,1990,42.34683826909186
797,Mayotte,Africa,Eastern Africa,175,2010,52.58188215566887
798,Mexico,Latin America and the Carribean,Central America,484,2000,49.65235637513916
799,Mexico,Latin America and the Carribean,Central America,484,2005,49.523008840863056
800,Mexico,Latin America and the Carribean,Central America,484,2015,49.32183999564181
801,Mexico,Latin America and the Carribean,Central America,484,1995,49.931414090969554
802,Mexico,Latin America and the Carribean,Central America,484,2010,49.38919361592841
803,Mexico,Latin America and the Carribean,Central America,484,1990,49.92582732716761
804,Micronesia (Federated States of),Oceania,Micronesia,583,2015,46.55297532656023
805,Micronesia (Federated States of),Oceania,Micronesia,583,2010,46.45276292335116
806,Micronesia (Federated States of),Oceania,Micronesia,583,2005,46.12736660929432
807,Micronesia (Federated States of),Oceania,Micronesia,583,2000,44.768934531450576
808,Micronesia (Federated States of),Oceania,Micronesia,583,1995,36.59485338120886
809,Micronesia (Federated States of),Oceania,Micronesia,583,1990,43.0393487109905
810,Monaco,Europe,Western Europe,492,2005,51.56719219219219
811,Monaco,Europe,Western Europe,492,2015,50.926717992586255
812,Monaco,Europe,Western Europe,492,1995,52.730294396961064
813,Monaco,Europe,Western Europe,492,2000,51.99889842566668
814,Monaco,Europe,Western Europe,492,1990,53.480033400461714
815,Monaco,Europe,Western Europe,492,2010,51.14045050160894
816,Mongolia,Asia,Eastern Asia,496,2010,26.03200298860594
817,Mongolia,Asia,Eastern Asia,496,2015,27.031782065834282
818,Mongolia,Asia,Eastern Asia,496,1995,46.6729525862069
819,Mongolia,Asia,Eastern Asia,496,2005,33.97821350762527
820,Mongolia,Asia,Eastern Asia,496,2000,44.382159395564216
821,Mongolia,Asia,Eastern Asia,496,1990,49.1068770467401
822,Montenegro,Europe,Southern Europe,499,2015,59.35716795289614
823,Montenegro,Europe,Southern Europe,499,2010,59.702956424267896
824,Montenegro,Europe,Southern Europe,499,2000,..
825,Montenegro,Europe,Southern Europe,499,2005,..
826,Montenegro,Europe,Southern Europe,499,1995,..
827,Montenegro,Europe,Southern Europe,499,1990,..
828,Montserrat,Latin America and the Carribean,Caribbean,500,1990,48.8822652757079
829,Montserrat,Latin America and the Carribean,Caribbean,500,2015,48.48260547742413
830,Montserrat,Latin America and the Carribean,Caribbean,500,2000,48.637489677952104
831,Montserrat,Latin America and the Carribean,Caribbean,500,2005,48.633440514469456
832,Montserrat,Latin America and the Carribean,Caribbean,500,1995,48.82133995037221
833,Montserrat,Latin America and the Carribean,Caribbean,500,2010,48.5512920908379
834,Morocco,Africa,Northern Africa,504,2000,48.64992269110382
835,Morocco,Africa,Northern Africa,504,2005,49.349932878500894
836,Morocco,Africa,Northern Africa,504,1990,47.12815374806449
837,Morocco,Africa,Northern Africa,504,2015,49.84804148636893
838,Morocco,Africa,Northern Africa,504,2010,49.60019179511769
839,Morocco,Africa,Northern Africa,504,1995,47.84749801429706
840,Mozambique,Africa,Eastern Africa,508,2015,51.57405081461279
841,Mozambique,Africa,Eastern Africa,508,2000,47.279537255623346
842,Mozambique,Africa,Eastern Africa,508,1990,45.99941143772684
843,Mozambique,Africa,Eastern Africa,508,2010,51.22546735504072
844,Mozambique,Africa,Eastern Africa,508,1995,45.79093761886649
845,Mozambique,Africa,Eastern Africa,508,2005,49.95850217253332
846,Myanmar,Asia,South-Eastern Asia,104,1995,45.902360486701916
847,Myanmar,Asia,South-Eastern Asia,104,2005,46.39445950015056
848,Myanmar,Asia,South-Eastern Asia,104,2000,46.79168664741712
849,Myanmar,Asia,South-Eastern Asia,104,2015,45.194248922354994
850,Myanmar,Asia,South-Eastern Asia,104,1990,45.85345763600285
851,Myanmar,Asia,South-Eastern Asia,104,2010,45.593739367131676
852,Namibia,Africa,Southern Africa,516,2005,46.33306359034194
853,Namibia,Africa,Southern Africa,516,2010,46.23895317611445
854,Namibia,Africa,Southern Africa,516,2000,46.0510554079894
855,Namibia,Africa,Southern Africa,516,1995,46.85885656831814
856,Namibia,Africa,Southern Africa,516,2015,46.01333503749148
857,Namibia,Africa,Southern Africa,516,1990,47.158926069909896
858,Nauru,Oceania,Micronesia,520,2000,46.40768588137009
859,Nauru,Oceania,Micronesia,520,1995,46.449136276391556
860,Nauru,Oceania,Micronesia,520,1990,46.50088809946714
861,Nauru,Oceania,Micronesia,520,2010,46.35416666666667
862,Nauru,Oceania,Micronesia,520,2005,46.38260097647581
863,Nauru,Oceania,Micronesia,520,2015,39.99370673379484
864,Nepal,Asia,Southern Asia,524,1990,70.70380999781382
865,Nepal,Asia,Southern Asia,524,1995,68.54822702741859
866,Nepal,Asia,Southern Asia,524,2000,66.29628081905558
867,Nepal,Asia,Southern Asia,524,2005,65.38368138086736
868,Nepal,Asia,Southern Asia,524,2015,68.96433960152659
869,Nepal,Asia,Southern Asia,524,2010,67.24864643476187
870,Netherlands,Europe,Western Europe,528,2010,51.90945752001353
871,Netherlands,Europe,Western Europe,528,1990,49.897527030787565
872,Netherlands,Europe,Western Europe,528,2000,50.826716835749586
873,Netherlands,Europe,Western Europe,528,2015,52.38774106005296
874,Netherlands,Europe,Western Europe,528,1995,50.35998585610668
875,Netherlands,Europe,Western Europe,528,2005,51.41807022182133
876,New Caledonia,Oceania,Melanesia,540,1995,45.24300306903028
877,New Caledonia,Oceania,Melanesia,540,2015,46.14870119769793
878,New Caledonia,Oceania,Melanesia,540,2005,46.01750744517643
879,New Caledonia,Oceania,Melanesia,540,2000,45.757386558176066
880,New Caledonia,Oceania,Melanesia,540,2010,46.22780339448641
881,New Caledonia,Oceania,Melanesia,540,1990,44.56241870835877
882,New Zealand,Oceania,Australia and New Zealand,554,2000,51.39648179984767
883,New Zealand,Oceania,Australia and New Zealand,554,1990,50.154522659140966
884,New Zealand,Oceania,Australia and New Zealand,554,1995,50.86278513872349
885,New Zealand,Oceania,Australia and New Zealand,554,2005,51.46270263062651
886,New Zealand,Oceania,Australia and New Zealand,554,2015,51.64282086991313
887,New Zealand,Oceania,Australia and New Zealand,554,2010,51.548853070844366
888,Nicaragua,Latin America and the Carribean,Central America,558,2005,49.100750329343036
889,Nicaragua,Latin America and the Carribean,Central America,558,2000,49.248083187995654
890,Nicaragua,Latin America and the Carribean,Central America,558,1990,49.63907196832524
891,Nicaragua,Latin America and the Carribean,Central America,558,2015,48.52963091749044
892,Nicaragua,Latin America and the Carribean,Central America,558,2010,48.76382824846651
893,Nicaragua,Latin America and the Carribean,Central America,558,1995,49.7952590255081
894,Niger,Africa,Western Africa,562,2005,52.4590032218928
895,Niger,Africa,Western Africa,562,2015,52.58725000660485
896,Niger,Africa,Western Africa,562,2000,52.40307541305415
897,Niger,Africa,Western Africa,562,1990,52.17383773297305
898,Niger,Africa,Western Africa,562,2010,52.52957363360324
899,Niger,Africa,Western Africa,562,1995,52.225015239830405
900,Nigeria,Africa,Western Africa,566,1995,44.256683059790625
901,Nigeria,Africa,Western Africa,566,2005,44.79313106560147
902,Nigeria,Africa,Western Africa,566,2000,44.61550128924617
903,Nigeria,Africa,Western Africa,566,2010,44.96716725463473
904,Nigeria,Africa,Western Africa,566,1990,43.89964543899645
905,Nigeria,Africa,Western Africa,566,2015,45.13562085371295
906,Niue,Oceania,Polynesia,570,2005,45.97701149425287
907,Niue,Oceania,Polynesia,570,1995,46.458333333333336
908,Niue,Oceania,Polynesia,570,2000,46.1847389558233
909,Niue,Oceania,Polynesia,570,2015,45.78096947935368
910,Niue,Oceania,Polynesia,570,1990,46.85466377440347
911,Niue,Oceania,Polynesia,570,2010,45.87155963302752
912,Northern Mariana Islands,Oceania,Micronesia,580,2015,57.963784183296376
913,Northern Mariana Islands,Oceania,Micronesia,580,1995,51.053249320484305
914,Northern Mariana Islands,Oceania,Micronesia,580,1990,46.3731057045087
915,Northern Mariana Islands,Oceania,Micronesia,580,2000,56.664672748118235
916,Northern Mariana Islands,Oceania,Micronesia,580,2005,57.44233125566033
917,Northern Mariana Islands,Oceania,Micronesia,580,2010,57.70026481297583
918,Norway,Europe,Northern Europe,578,2015,47.817307057169394
919,Norway,Europe,Northern Europe,578,1990,48.30284494799753
920,Norway,Europe,Northern Europe,578,1995,49.75525284823962
921,Norway,Europe,Northern Europe,578,2000,50.476678976884145
922,Norway,Europe,Northern Europe,578,2005,51.14303435748621
923,Norway,Europe,Northern Europe,578,2010,49.03084478140619
924,Oman,Asia,Western Asia,512,2010,19.293181626054707
925,Oman,Asia,Western Asia,512,1990,20.23782894736842
926,Oman,Asia,Western Asia,512,2000,21.683333119523805
927,Oman,Asia,Western Asia,512,2015,18.949711053465137
928,Oman,Asia,Western Asia,512,1995,22.644414918751842
929,Oman,Asia,Western Asia,512,2005,20.76348024498619
930,Pakistan,Asia,Southern Asia,586,2005,46.12289869989644
931,Pakistan,Asia,Southern Asia,586,1995,46.82313395332308
932,Pakistan,Asia,Southern Asia,586,2015,48.90717881396192
933,Pakistan,Asia,Southern Asia,586,2010,47.37034787519542
934,Pakistan,Asia,Southern Asia,586,2000,46.19781573596001
935,Pakistan,Asia,Southern Asia,586,1990,47.4182871568009
936,Palau,Oceania,Micronesia,585,2005,40.09597881846765
937,Palau,Oceania,Micronesia,585,2000,38.11410459587955
938,Palau,Oceania,Micronesia,585,1990,35.73723670117815
939,Palau,Oceania,Micronesia,585,2010,42.18074995679972
940,Palau,Oceania,Micronesia,585,2015,43.255649717514125
941,Palau,Oceania,Micronesia,585,1995,40.8717624763108
942,Panama,Latin America and the Carribean,Central America,591,2000,49.12240738520561
943,Panama,Latin America and the Carribean,Central America,591,2015,48.65410643711765
944,Panama,Latin America and the Carribean,Central America,591,2005,49.123448704099076
945,Panama,Latin America and the Carribean,Central America,591,2010,48.5528482159317
946,Panama,Latin America and the Carribean,Central America,591,1990,47.16945046538314
947,Panama,Latin America and the Carribean,Central America,591,1995,48.14250225835592
948,Papua New Guinea,Oceania,Melanesia,598,2005,36.790469516468114
949,Papua New Guinea,Oceania,Melanesia,598,1995,40.84591063652091
950,Papua New Guinea,Oceania,Melanesia,598,1990,42.56418092909535
951,Papua New Guinea,Oceania,Melanesia,598,2000,37.755467909645034
952,Papua New Guinea,Oceania,Melanesia,598,2010,35.612020138451854
953,Papua New Guinea,Oceania,Melanesia,598,2015,35.07873710340548
954,Paraguay,Latin America and the Carribean,South America,600,1990,47.51179269363501
955,Paraguay,Latin America and the Carribean,South America,600,2000,47.87778583076644
956,Paraguay,Latin America and the Carribean,South America,600,2015,48.03658396287916
957,Paraguay,Latin America and the Carribean,South America,600,2005,47.874205761903916
958,Paraguay,Latin America and the Carribean,South America,600,1995,47.543013346197135
959,Paraguay,Latin America and the Carribean,South America,600,2010,47.97596990623772
960,Peru,Latin America and the Carribean,South America,604,1990,49.96078431372549
961,Peru,Latin America and the Carribean,South America,604,2000,50.28886911136923
962,Peru,Latin America and the Carribean,South America,604,1995,50.53761545512233
963,Peru,Latin America and the Carribean,South America,604,2010,49.79658839483263
964,Peru,Latin America and the Carribean,South America,604,2005,50.03159618782321
965,Peru,Latin America and the Carribean,South America,604,2015,49.59892606815506
966,Philippines,Asia,South-Eastern Asia,608,1995,48.142467867563724
967,Philippines,Asia,South-Eastern Asia,608,2015,48.181835345649525
968,Philippines,Asia,South-Eastern Asia,608,2000,49.1019978308367
969,Philippines,Asia,South-Eastern Asia,608,1990,47.20161483991147
970,Philippines,Asia,South-Eastern Asia,608,2005,48.33416191526714
971,Philippines,Asia,South-Eastern Asia,608,2010,48.2581412183184
972,Poland,Europe,Eastern Europe,616,1995,58.11770193578481
973,Poland,Europe,Eastern Europe,616,1990,57.24522088260826
974,Poland,Europe,Eastern Europe,616,2005,58.88784776383409
975,Poland,Europe,Eastern Europe,616,2015,58.458225097392166
976,Poland,Europe,Eastern Europe,616,2010,59.17558221529007
977,Poland,Europe,Eastern Europe,616,2000,59.00362435186386
978,Portugal,Europe,Southern Europe,620,1995,51.327647882407256
979,Portugal,Europe,Southern Europe,620,2005,51.14343658582128
980,Portugal,Europe,Southern Europe,620,1990,51.828666626891426
981,Portugal,Europe,Southern Europe,620,2010,51.29472683774129
982,Portugal,Europe,Southern Europe,620,2000,50.83150158410492
983,Portugal,Europe,Southern Europe,620,2015,53.47462009872716
984,Puerto Rico,Latin America and the Carribean,Caribbean,630,1990,52.36107098589974
985,Puerto Rico,Latin America and the Carribean,Caribbean,630,2005,52.63869326184742
986,Puerto Rico,Latin America and the Carribean,Caribbean,630,2010,53.12999026130525
987,Puerto Rico,Latin America and the Carribean,Caribbean,630,2015,53.354887043044386
988,Puerto Rico,Latin America and the Carribean,Caribbean,630,1995,52.45350773663209
989,Puerto Rico,Latin America and the Carribean,Caribbean,630,2000,52.545924661585516
990,Qatar,Asia,Western Asia,634,2010,17.15461205029068
991,Qatar,Asia,Western Asia,634,2000,23.75749589237608
992,Qatar,Asia,Western Asia,634,1990,27.060593440580078
993,Qatar,Asia,Western Asia,634,1995,25.354671208522618
994,Qatar,Asia,Western Asia,634,2005,22.847068074659536
995,Qatar,Asia,Western Asia,634,2015,16.074459007845274
996,Republic of Korea,Asia,Eastern Asia,410,2010,42.88640504745588
997,Republic of Korea,Asia,Eastern Asia,410,1995,42.88458744329464
998,Republic of Korea,Asia,Eastern Asia,410,1990,43.717600018597295
999,Republic of Korea,Asia,Eastern Asia,410,2005,41.50214397811948
1000,Republic of Korea,Asia,Eastern Asia,410,2015,43.888831965669276
1001,Republic of Korea,Asia,Eastern Asia,410,2000,41.362039168147824
1002,Republic of Moldova,Europe,Eastern Europe,498,2010,61.60222746530685
1003,Republic of Moldova,Europe,Eastern Europe,498,1990,55.96605422649873
1004,Republic of Moldova,Europe,Eastern Europe,498,2015,64.63010132676482
1005,Republic of Moldova,Europe,Eastern Europe,498,1995,55.966135756512934
1006,Republic of Moldova,Europe,Eastern Europe,498,2005,55.96612956075352
1007,Republic of Moldova,Europe,Eastern Europe,498,2000,55.965831140952595
1008,Romania,Europe,Eastern Europe,642,2015,47.40353304574276
1009,Romania,Europe,Eastern Europe,642,2010,50.31542101011656
1010,Romania,Europe,Eastern Europe,642,1995,53.13728829876256
1011,Romania,Europe,Eastern Europe,642,1990,57.591754095343276
1012,Romania,Europe,Eastern Europe,642,2005,54.35168983618303
1013,Romania,Europe,Eastern Europe,642,2000,52.39978258985892
1014,Russian Federation,Europe,Eastern Europe,643,2015,50.914064048640604
1015,Russian Federation,Europe,Eastern Europe,643,2010,50.74101070952263
1016,Russian Federation,Europe,Eastern Europe,643,1990,50.92887186996419
1017,Russian Federation,Europe,Eastern Europe,643,2000,49.72519593418551
1018,Russian Federation,Europe,Eastern Europe,643,1995,50.327032766652025
1019,Russian Federation,Europe,Eastern Europe,643,2005,50.23309873471706
1020,Rwanda,Africa,Eastern Africa,646,2005,49.854781803016195
1021,Rwanda,Africa,Eastern Africa,646,1995,49.42924528301887
1022,Rwanda,Africa,Eastern Africa,646,1990,49.52742557969337
1023,Rwanda,Africa,Eastern Africa,646,2015,50.168846611177166
1024,Rwanda,Africa,Eastern Africa,646,2010,49.992788246902954
1025,Rwanda,Africa,Eastern Africa,646,2000,49.38140349664051
1026,Réunion,Africa,Eastern Africa,638,2010,49.03071633517301
1027,Réunion,Africa,Eastern Africa,638,2005,48.55921304181584
1028,Réunion,Africa,Eastern Africa,638,2015,49.266954382158495
1029,Réunion,Africa,Eastern Africa,638,2000,48.08796360674626
1030,Réunion,Africa,Eastern Africa,638,1995,47.238818543527
1031,Réunion,Africa,Eastern Africa,638,1990,46.29610208005593
1032,Saint Helena,Africa,Western Africa,654,2015,44.5364238410596
1033,Saint Helena,Africa,Western Africa,654,2000,46.913580246913575
1034,Saint Helena,Africa,Western Africa,654,1995,44.67005076142132
1035,Saint Helena,Africa,Western Africa,654,2010,45.16695957820738
1036,Saint Helena,Africa,Western Africa,654,1990,42.03655352480418
1037,Saint Helena,Africa,Western Africa,654,2005,45.9958932238193
1038,Saint Kitts and Nevis,Latin America and the Carribean,Caribbean,659,1995,48.30508474576271
1039,Saint Kitts and Nevis,Latin America and the Carribean,Caribbean,659,2005,47.60550733313379
1040,Saint Kitts and Nevis,Latin America and the Carribean,Caribbean,659,2010,47.4672187715666
1041,Saint Kitts and Nevis,Latin America and the Carribean,Caribbean,659,1990,48.84735202492212
1042,Saint Kitts and Nevis,Latin America and the Carribean,Caribbean,659,2015,47.386806395270725
1043,Saint Kitts and Nevis,Latin America and the Carribean,Caribbean,659,2000,47.74314426843809
1044,Saint Lucia,Latin America and the Carribean,Caribbean,662,1990,50.688030160226205
1045,Saint Lucia,Latin America and the Carribean,Caribbean,662,2005,49.57272410184862
1046,Saint Lucia,Latin America and the Carribean,Caribbean,662,1995,50.223713646532445
1047,Saint Lucia,Latin America and the Carribean,Caribbean,662,2015,49.52627045650301
1048,Saint Lucia,Latin America and the Carribean,Caribbean,662,2010,49.53719008264463
1049,Saint Lucia,Latin America and the Carribean,Caribbean,662,2000,49.83785974868261
1050,Saint Pierre and Miquelon,North America,Northern America,666,1990,49.044585987261144
1051,Saint Pierre and Miquelon,North America,Northern America,666,2010,47.78761061946903
1052,Saint Pierre and Miquelon,North America,Northern America,666,2000,48.148148148148145
1053,Saint Pierre and Miquelon,North America,Northern America,666,2005,47.95117698343505
1054,Saint Pierre and Miquelon,North America,Northern America,666,1995,48.333333333333336
1055,Saint Pierre and Miquelon,North America,Northern America,666,2015,47.66734279918864
1056,Saint Vincent and the Grenadines,Latin America and the Carribean,Caribbean,670,2000,51.26538193638264
1057,Saint Vincent and the Grenadines,Latin America and the Carribean,Caribbean,670,2010,51.17056856187291
1058,Saint Vincent and the Grenadines,Latin America and the Carribean,Caribbean,670,2005,51.21729237770194
1059,Saint Vincent and the Grenadines,Latin America and the Carribean,Caribbean,670,1995,51.36638452237001
1060,Saint Vincent and the Grenadines,Latin America and the Carribean,Caribbean,670,2015,51.12519117325759
1061,Saint Vincent and the Grenadines,Latin America and the Carribean,Caribbean,670,1990,51.43576826196473
1062,Samoa,Oceania,Polynesia,882,2000,48.29943314438146
1063,Samoa,Oceania,Polynesia,882,1995,47.784405624201106
1064,Samoa,Oceania,Polynesia,882,2005,48.83397145840584
1065,Samoa,Oceania,Polynesia,882,1990,47.244563598451
1066,Samoa,Oceania,Polynesia,882,2010,49.35572042171027
1067,Samoa,Oceania,Polynesia,882,2015,49.90870359099209
1068,San Marino,Europe,Southern Europe,674,2015,45.367818528725884
1069,San Marino,Europe,Southern Europe,674,2010,44.646510570584226
1070,San Marino,Europe,Southern Europe,674,1990,47.79456193353474
1071,San Marino,Europe,Southern Europe,674,2000,46.22991347342398
1072,San Marino,Europe,Southern Europe,674,2005,45.42437174016121
1073,San Marino,Europe,Southern Europe,674,1995,46.98004919376879
1074,Sao Tome and Principe,Africa,Middle Africa,678,1995,48.379254457050244
1075,Sao Tome and Principe,Africa,Middle Africa,678,2010,49.925925925925924
1076,Sao Tome and Principe,Africa,Middle Africa,678,2015,50.0
1077,Sao Tome and Principe,Africa,Middle Africa,678,2000,49.3241695303551
1078,Sao Tome and Principe,Africa,Middle Africa,678,2005,49.694145062627435
1079,Sao Tome and Principe,Africa,Middle Africa,678,1990,47.09781440343963
1080,Saudi Arabia,Asia,Western Asia,682,2015,31.880664975120126
1081,Saudi Arabia,Asia,Western Asia,682,1995,33.30697354638236
1082,Saudi Arabia,Asia,Western Asia,682,2000,33.16531731373733
1083,Saudi Arabia,Asia,Western Asia,682,2010,29.616702625731378
1084,Saudi Arabia,Asia,Western Asia,682,1990,33.48185285623829
1085,Saudi Arabia,Asia,Western Asia,682,2005,31.253007812121503
1086,Senegal,Africa,Western Africa,686,2000,47.61040271495164
1087,Senegal,Africa,Western Africa,686,2015,46.9351395294064
1088,Senegal,Africa,Western Africa,686,2010,46.94133358324352
1089,Senegal,Africa,Western Africa,686,1995,48.83957810425025
1090,Senegal,Africa,Western Africa,686,2005,47.605938782532796
1091,Senegal,Africa,Western Africa,686,1990,48.65574497984542
1092,Serbia,Europe,Southern Europe,688,2005,55.80828758046194
1093,Serbia,Europe,Southern Europe,688,1990,52.944020791989445
1094,Serbia,Europe,Southern Europe,688,2010,55.85655383468149
1095,Serbia,Europe,Southern Europe,688,1995,54.056592846001635
1096,Serbia,Europe,Southern Europe,688,2015,56.01164667139766
1097,Serbia,Europe,Southern Europe,688,2000,55.19262619884378
1098,Seychelles,Africa,Eastern Africa,690,2005,35.31177059019674
1099,Seychelles,Africa,Eastern Africa,690,2015,29.99765460089125
1100,Seychelles,Africa,Eastern Africa,690,1995,41.31701631701632
1101,Seychelles,Africa,Eastern Africa,690,1990,40.76861058855146
1102,Seychelles,Africa,Eastern Africa,690,2010,31.663747810858144
1103,Seychelles,Africa,Eastern Africa,690,2000,41.63370854882872
1104,Sierra Leone,Africa,Western Africa,694,1990,44.63107783407277
1105,Sierra Leone,Africa,Western Africa,694,2015,45.22491311545503
1106,Sierra Leone,Africa,Western Africa,694,2005,46.77137987501253
1107,Sierra Leone,Africa,Western Africa,694,2000,44.382691544263594
1108,Sierra Leone,Africa,Western Africa,694,1995,43.36079108698541
1109,Sierra Leone,Africa,Western Africa,694,2010,45.369002175429955
1110,Singapore,Asia,South-Eastern Asia,702,2005,55.64336131191855
1111,Singapore,Asia,South-Eastern Asia,702,2010,55.7992123038035
1112,Singapore,Asia,South-Eastern Asia,702,1995,53.96725339185793
1113,Singapore,Asia,South-Eastern Asia,702,2000,55.48753376326394
1114,Singapore,Asia,South-Eastern Asia,702,1990,52.446023578847786
1115,Singapore,Asia,South-Eastern Asia,702,2015,55.85118637164565
1116,Sint Maarten (Dutch part),Latin America and the Carribean,Caribbean,534,2015,52.09012639677597
1117,Sint Maarten (Dutch part),Latin America and the Carribean,Caribbean,534,1990,..
1118,Sint Maarten (Dutch part),Latin America and the Carribean,Caribbean,534,2010,52.022900763358784
1119,Sint Maarten (Dutch part),Latin America and the Carribean,Caribbean,534,2005,52.022900763358784
1120,Sint Maarten (Dutch part),Latin America and the Carribean,Caribbean,534,2000,..
1121,Sint Maarten (Dutch part),Latin America and the Carribean,Caribbean,534,1995,..
1122,Slovakia,Europe,Eastern Europe,703,2005,55.003793365059664
1123,Slovakia,Europe,Eastern Europe,703,1990,55.95834846833757
1124,Slovakia,Europe,Eastern Europe,703,1995,55.95833994489563
1125,Slovakia,Europe,Eastern Europe,703,2015,52.75467012811107
1126,Slovakia,Europe,Eastern Europe,703,2000,55.959132467175365
1127,Slovakia,Europe,Eastern Europe,703,2010,54.25201101702445
1128,Slovenia,Europe,Southern Europe,705,2000,47.10264416611117
1129,Slovenia,Europe,Southern Europe,705,1995,48.25391729112081
1130,Slovenia,Europe,Southern Europe,705,2010,44.32908040632659
1131,Slovenia,Europe,Southern Europe,705,1990,49.732980676898194
1132,Slovenia,Europe,Southern Europe,705,2015,43.00407685853047
1133,Slovenia,Europe,Southern Europe,705,2005,45.69486404833837
1134,Solomon Islands,Oceania,Melanesia,90,2005,44.053806175481505
1135,Solomon Islands,Oceania,Melanesia,90,1995,44.27955959789373
1136,Solomon Islands,Oceania,Melanesia,90,1990,44.41552295314718
1137,Solomon Islands,Oceania,Melanesia,90,2000,44.134639537804574
1138,Solomon Islands,Oceania,Melanesia,90,2015,43.907156673114116
1139,Solomon Islands,Oceania,Melanesia,90,2010,43.98550724637681
1140,Somalia,Africa,Eastern Africa,706,1995,47.344702207200285
1141,Somalia,Africa,Eastern Africa,706,2010,46.18045426130444
1142,Somalia,Africa,Eastern Africa,706,1990,48.94332774402355
1143,Somalia,Africa,Eastern Africa,706,2015,45.59329405717449
1144,Somalia,Africa,Eastern Africa,706,2005,46.555394291243346
1145,Somalia,Africa,Eastern Africa,706,2000,47.120027878727534
1146,South Africa,Africa,Southern Africa,710,2015,40.10280314054589
1147,South Africa,Africa,Southern Africa,710,2000,40.10610635590049
1148,South Africa,Africa,Southern Africa,710,1990,38.37636600929819
1149,South Africa,Africa,Southern Africa,710,2010,41.542556503811696
1150,South Africa,Africa,Southern Africa,710,1995,39.12345699920403
1151,South Africa,Africa,Southern Africa,710,2005,41.18442262844609
1152,South Sudan,Africa,Eastern Africa,728,2015,48.921518901327715
1153,South Sudan,Africa,Eastern Africa,728,2005,..
1154,South Sudan,Africa,Eastern Africa,728,1990,..
1155,South Sudan,Africa,Eastern Africa,728,2010,48.54965975843818
1156,South Sudan,Africa,Eastern Africa,728,2000,..
1157,South Sudan,Africa,Eastern Africa,728,1995,..
1158,Spain,Europe,Southern Europe,724,2005,47.880150739209384
1159,Spain,Europe,Southern Europe,724,2015,51.218145780429126
1160,Spain,Europe,Southern Europe,724,1995,51.070468900572216
1161,Spain,Europe,Southern Europe,724,2010,48.436234338338856
1162,Spain,Europe,Southern Europe,724,2000,49.43187200753039
1163,Spain,Europe,Southern Europe,724,1990,52.47740702649083
1164,Sri Lanka,Asia,Southern Asia,144,1995,44.44553267549766
1165,Sri Lanka,Asia,Southern Asia,144,1990,43.64187579702124
1166,Sri Lanka,Asia,Southern Asia,144,2010,46.882620190456635
1167,Sri Lanka,Asia,Southern Asia,144,2005,46.06588068613065
1168,Sri Lanka,Asia,Southern Asia,144,2000,45.25316455696203
1169,Sri Lanka,Asia,Southern Asia,144,2015,47.695447734201416
1170,State of Palestine,Asia,Western Asia,275,2015,55.68144904053509
1171,State of Palestine,Asia,Western Asia,275,2005,55.13376866441375
1172,State of Palestine,Asia,Western Asia,275,2010,55.55279965275625
1173,State of Palestine,Asia,Western Asia,275,2000,54.74051787414336
1174,State of Palestine,Asia,Western Asia,275,1995,54.45598668403326
1175,State of Palestine,Asia,Western Asia,275,1990,54.18441241346781
1176,Sudan,Africa,Northern Africa,729,1990,50.36089631733215
1177,Sudan,Africa,Northern Africa,729,1995,50.09464626788026
1178,Sudan,Africa,Northern Africa,729,2000,49.73730581643457
1179,Sudan,Africa,Northern Africa,729,2005,49.0926098812902
1180,Sudan,Africa,Northern Africa,729,2015,49.4455556063137
1181,Sudan,Africa,Northern Africa,729,2010,49.03166350544554
1182,Suriname,Latin America and the Carribean,South America,740,2015,45.40737893927748
1183,Suriname,Latin America and the Carribean,South America,740,1995,45.85990121239335
1184,Suriname,Latin America and the Carribean,South America,740,2000,45.85908529048208
1185,Suriname,Latin America and the Carribean,South America,740,1990,46.031834063557206
1186,Suriname,Latin America and the Carribean,South America,740,2005,45.52340779467681
1187,Suriname,Latin America and the Carribean,South America,740,2010,45.461183995165314
1188,Swaziland,Africa,Southern Africa,748,2010,47.97217482609266
1189,Swaziland,Africa,Southern Africa,748,1990,45.908302698203514
1190,Swaziland,Africa,Southern Africa,748,2000,42.91402318967403
1191,Swaziland,Africa,Southern Africa,748,2015,48.23141961430064
1192,Swaziland,Africa,Southern Africa,748,2005,45.672952725393955
1193,Swaziland,Africa,Southern Africa,748,1995,42.2436179137869
1194,Sweden,Europe,Northern Europe,752,2015,50.58706368145308
1195,Sweden,Europe,Northern Europe,752,2005,52.167811048241674
1196,Sweden,Europe,Northern Europe,752,1995,51.823247744176946
1197,Sweden,Europe,Northern Europe,752,2000,52.16059406374589
1198,Sweden,Europe,Northern Europe,752,2010,51.39945802275785
1199,Sweden,Europe,Northern Europe,752,1990,51.43242554518635
1200,Switzerland,Europe,Western Europe,756,2010,54.803434108430004
1201,Switzerland,Europe,Western Europe,756,1990,49.64310391142025
1202,Switzerland,Europe,Western Europe,756,2000,46.40447020415647
1203,Switzerland,Europe,Western Europe,756,2005,48.910596160375576
1204,Switzerland,Europe,Western Europe,756,2015,50.996759751703976
1205,Switzerland,Europe,Western Europe,756,1995,47.996489114021976
1206,Syrian Arab Republic,Asia,Western Asia,760,2015,48.864988019730596
1207,Syrian Arab Republic,Asia,Western Asia,760,2000,48.738815268547704
1208,Syrian Arab Republic,Asia,Western Asia,760,2010,48.92455843294691
1209,Syrian Arab Republic,Asia,Western Asia,760,1995,49.05972718845186
1210,Syrian Arab Republic,Asia,Western Asia,760,2005,48.714642690065155
1211,Syrian Arab Republic,Asia,Western Asia,760,1990,49.01881983924721
1212,Tajikistan,Asia,Central Asia,762,2010,56.813540797837156
1213,Tajikistan,Asia,Central Asia,762,2005,56.718275306300015
1214,Tajikistan,Asia,Central Asia,762,2015,56.88306872343751
1215,Tajikistan,Asia,Central Asia,762,2000,56.08589014455367
1216,Tajikistan,Asia,Central Asia,762,1995,56.377692358481625
1217,Tajikistan,Asia,Central Asia,762,1990,56.137094893914664
1218,Thailand,Asia,South-Eastern Asia,764,2015,49.72243077251743
1219,Thailand,Asia,South-Eastern Asia,764,2010,49.606421079044246
1220,Thailand,Asia,South-Eastern Asia,764,1990,46.37984614889927
1221,Thailand,Asia,South-Eastern Asia,764,2005,49.79465639786877
1222,Thailand,Asia,South-Eastern Asia,764,1995,47.35340611569431
1223,Thailand,Asia,South-Eastern Asia,764,2000,48.50396042044138
1224,The former Yugoslav Republic of Macedonia,Europe,Southern Europe,807,1995,58.313746650448586
1225,The former Yugoslav Republic of Macedonia,Europe,Southern Europe,807,1990,58.31388871371214
1226,The former Yugoslav Republic of Macedonia,Europe,Southern Europe,807,2005,58.31342476912593
1227,The former Yugoslav Republic of Macedonia,Europe,Southern Europe,807,2010,58.31412248170793
1228,The former Yugoslav Republic of Macedonia,Europe,Southern Europe,807,2015,58.314082460032125
1229,The former Yugoslav Republic of Macedonia,Europe,Southern Europe,807,2000,58.31377073966498
1230,Timor-Leste,Asia,South-Eastern Asia,626,1995,51.11362003489685
1231,Timor-Leste,Asia,South-Eastern Asia,626,2000,51.943029617053384
1232,Timor-Leste,Asia,South-Eastern Asia,626,1990,50.30154121063212
1233,Timor-Leste,Asia,South-Eastern Asia,626,2005,50.540492645755805
1234,Timor-Leste,Asia,South-Eastern Asia,626,2015,41.083625623038586
1235,Timor-Leste,Asia,South-Eastern Asia,626,2010,41.35482108713467
1236,Togo,Africa,Western Africa,768,2015,49.68357631012411
1237,Togo,Africa,Western Africa,768,2010,49.35399706967743
1238,Togo,Africa,Western Africa,768,1995,50.06349487611116
1239,Togo,Africa,Western Africa,768,1990,49.43307717693649
1240,Togo,Africa,Western Africa,768,2005,49.416114741443316
1241,Togo,Africa,Western Africa,768,2000,49.9017339782872
1242,Tokelau,Oceania,Polynesia,772,1990,44.44444444444444
1243,Tokelau,Oceania,Polynesia,772,2015,52.15605749486652
1244,Tokelau,Oceania,Polynesia,772,2005,48.44961240310077
1245,Tokelau,Oceania,Polynesia,772,2000,45.038167938931295
1246,Tokelau,Oceania,Polynesia,772,1995,44.73684210526316
1247,Tokelau,Oceania,Polynesia,772,2010,51.981351981351985
1248,Tonga,Oceania,Polynesia,776,2010,45.69892473118279
1249,Tonga,Oceania,Polynesia,776,2000,46.22692725298588
1250,Tonga,Oceania,Polynesia,776,1990,48.8835451734799
1251,Tonga,Oceania,Polynesia,776,1995,47.525962125839946
1252,Tonga,Oceania,Polynesia,776,2005,45.87305277842362
1253,Tonga,Oceania,Polynesia,776,2015,45.437096492758684
1254,Trinidad and Tobago,Latin America and the Carribean,Caribbean,780,2015,51.23388729627328
1255,Trinidad and Tobago,Latin America and the Carribean,Caribbean,780,2010,51.992701032638
1256,Trinidad and Tobago,Latin America and the Carribean,Caribbean,780,1990,53.56254687561679
1257,Trinidad and Tobago,Latin America and the Carribean,Caribbean,780,2005,53.92528786932071
1258,Trinidad and Tobago,Latin America and the Carribean,Caribbean,780,2000,53.80451704069169
1259,Trinidad and Tobago,Latin America and the Carribean,Caribbean,780,1995,53.68308909857807
1260,Tunisia,Africa,Northern Africa,788,2005,48.63013698630137
1261,Tunisia,Africa,Northern Africa,788,2015,48.23548085571683
1262,Tunisia,Africa,Northern Africa,788,1990,50.24220724515585
1263,Tunisia,Africa,Northern Africa,788,2010,48.4943945149634
1264,Tunisia,Africa,Northern Africa,788,2000,49.176864402129176
1265,Tunisia,Africa,Northern Africa,788,1995,49.705548366651705
1266,Turkey,Asia,Western Asia,792,2010,54.21035614330002
1267,Turkey,Asia,Western Asia,792,1990,50.38790532841333
1268,Turkey,Asia,Western Asia,792,1995,51.16336244925681
1269,Turkey,Asia,Western Asia,792,2000,51.91063285980938
1270,Turkey,Asia,Western Asia,792,2005,53.08360293381927
1271,Turkey,Asia,Western Asia,792,2015,48.92037413538866
1272,Turkmenistan,Asia,Central Asia,795,1990,56.22381729200653
1273,Turkmenistan,Asia,Central Asia,795,2005,55.68854405752614
1274,Turkmenistan,Asia,Central Asia,795,1995,56.5547493283132
1275,Turkmenistan,Asia,Central Asia,795,2000,56.90212267389175
1276,Turkmenistan,Asia,Central Asia,795,2015,53.39637245017465
1277,Turkmenistan,Asia,Central Asia,795,2010,54.23757065143273
1278,Turks and Caicos Islands,Latin America and the Carribean,Caribbean,796,2005,48.25540472599296
1279,Turks and Caicos Islands,Latin America and the Carribean,Caribbean,796,2015,48.26317590691308
1280,Turks and Caicos Islands,Latin America and the Carribean,Caribbean,796,2010,48.257471264367815
1281,Turks and Caicos Islands,Latin America and the Carribean,Caribbean,796,1990,48.24180165942315
1282,Turks and Caicos Islands,Latin America and the Carribean,Caribbean,796,1995,48.245489416110246
1283,Turks and Caicos Islands,Latin America and the Carribean,Caribbean,796,2000,48.25291181364393
1284,Tuvalu,Oceania,Polynesia,798,1990,43.39622641509434
1285,Tuvalu,Oceania,Polynesia,798,2010,44.8051948051948
1286,Tuvalu,Oceania,Polynesia,798,2015,44.680851063829785
1287,Tuvalu,Oceania,Polynesia,798,2000,44.23963133640553
1288,Tuvalu,Oceania,Polynesia,798,2005,44.80874316939891
1289,Tuvalu,Oceania,Polynesia,798,1995,43.72623574144487
1290,Uganda,Africa,Eastern Africa,800,2010,50.55446367828256
1291,Uganda,Africa,Eastern Africa,800,1995,49.36182282310674
1292,Uganda,Africa,Eastern Africa,800,2000,50.47683719787051
1293,Uganda,Africa,Eastern Africa,800,2005,50.62223569914606
1294,Uganda,Africa,Eastern Africa,800,1990,48.042206169723826
1295,Uganda,Africa,Eastern Africa,800,2015,50.03969466463679
1296,Ukraine,Europe,Eastern Europe,804,1995,57.150029697012705
1297,Ukraine,Europe,Eastern Europe,804,2000,57.14986936156424
1298,Ukraine,Europe,Eastern Europe,804,1990,57.15019179099714
1299,Ukraine,Europe,Eastern Europe,804,2010,56.991612169669125
1300,Ukraine,Europe,Eastern Europe,804,2015,56.91263807426754
1301,Ukraine,Europe,Eastern Europe,804,2005,57.07068606986275
1302,United Arab Emirates,Asia,Western Asia,784,2000,28.182369951056025
1303,United Arab Emirates,Asia,Western Asia,784,1990,28.664890010056837
1304,United Arab Emirates,Asia,Western Asia,784,2005,27.209637443783002
1305,United Arab Emirates,Asia,Western Asia,784,1995,28.187101930905783
1306,United Arab Emirates,Asia,Western Asia,784,2010,25.32724508655715
1307,United Arab Emirates,Asia,Western Asia,784,2015,25.325646568070713
1308,United Kingdom of Great Britain and Northern Ireland,Europe,Northern Europe,826,1995,52.380951234967064
1309,United Kingdom of Great Britain and Northern Ireland,Europe,Northern Europe,826,2015,52.47413123074474
1310,United Kingdom of Great Britain and Northern Ireland,Europe,Northern Europe,826,2005,52.445109443625846
1311,United Kingdom of Great Britain and Northern Ireland,Europe,Northern Europe,826,1990,51.881907335480015
1312,United Kingdom of Great Britain and Northern Ireland,Europe,Northern Europe,826,2010,51.77663259116246
1313,United Kingdom of Great Britain and Northern Ireland,Europe,Northern Europe,826,2000,52.88477251850623
1314,United Republic of Tanzania,Africa,Eastern Africa,834,1995,50.536371551558126
1315,United Republic of Tanzania,Africa,Eastern Africa,834,2000,49.25962636557564
1316,United Republic of Tanzania,Africa,Eastern Africa,834,2010,50.102397926117945
1317,United Republic of Tanzania,Africa,Eastern Africa,834,1990,50.63107007534515
1318,United Republic of Tanzania,Africa,Eastern Africa,834,2015,50.0792429427843
1319,United Republic of Tanzania,Africa,Eastern Africa,834,2005,36.851978216141745
1320,United States Virgin Islands,Latin America and the Carribean,Caribbean,850,2005,52.820096386392926
1321,United States Virgin Islands,Latin America and the Carribean,Caribbean,850,2010,52.85794933314516
1322,United States Virgin Islands,Latin America and the Carribean,Caribbean,850,1990,52.2339811429671
1323,United States Virgin Islands,Latin America and the Carribean,Caribbean,850,1995,52.5082502166258
1324,United States Virgin Islands,Latin America and the Carribean,Caribbean,850,2000,52.78302803342106
1325,United States Virgin Islands,Latin America and the Carribean,Caribbean,850,2015,52.87812274113644
1326,United States of America,North America,Northern America,840,1990,51.0860940072064
1327,United States of America,North America,Northern America,840,2015,51.04926958574436
1328,United States of America,North America,Northern America,840,1995,50.679649712789185
1329,United States of America,North America,Northern America,840,2000,50.27644440019666
1330,United States of America,North America,Northern America,840,2010,50.89999935043835
1331,United States of America,North America,Northern America,840,2005,50.036345186990175
1332,Uruguay,Latin America and the Carribean,South America,858,1990,53.28998328509111
1333,Uruguay,Latin America and the Carribean,South America,858,2000,53.76106941521981
1334,Uruguay,Latin America and the Carribean,South America,858,1995,53.51821723680267
1335,Uruguay,Latin America and the Carribean,South America,858,2015,54.76956503572473
1336,Uruguay,Latin America and the Carribean,South America,858,2010,54.75263233809318
1337,Uruguay,Latin America and the Carribean,South America,858,2005,54.25301878082558
1338,Uzbekistan,Asia,Central Asia,860,2015,53.391880939346606
1339,Uzbekistan,Asia,Central Asia,860,2000,56.90268635474115
1340,Uzbekistan,Asia,Central Asia,860,2010,54.23681861805403
1341,Uzbekistan,Asia,Central Asia,860,2005,55.65959175383366
1342,Uzbekistan,Asia,Central Asia,860,1995,56.53179970342006
1343,Uzbekistan,Asia,Central Asia,860,1990,56.223956442831216
1344,Vanuatu,Oceania,Melanesia,548,2010,50.28418589100635
1345,Vanuatu,Oceania,Melanesia,548,1995,47.379114181227145
1346,Vanuatu,Oceania,Melanesia,548,1990,45.01733102253033
1347,Vanuatu,Oceania,Melanesia,548,2005,50.07142857142857
1348,Vanuatu,Oceania,Melanesia,548,2015,50.32946344524631
1349,Vanuatu,Oceania,Melanesia,548,2000,49.733434881949734
1350,Venezuela (Bolivarian Republic of),Latin America and the Carribean,South America,862,1995,49.659312389460354
1351,Venezuela (Bolivarian Republic of),Latin America and the Carribean,South America,862,2005,50.01728064325093
1352,Venezuela (Bolivarian Republic of),Latin America and the Carribean,South America,862,2000,49.82168630008198
1353,Venezuela (Bolivarian Republic of),Latin America and the Carribean,South America,862,1990,49.504931176214065
1354,Venezuela (Bolivarian Republic of),Latin America and the Carribean,South America,862,2010,49.833344348578436
1355,Venezuela (Bolivarian Republic of),Latin America and the Carribean,South America,862,2015,49.91213629838912
1356,Viet Nam,Asia,South-Eastern Asia,704,2010,41.753028045857896
1357,Viet Nam,Asia,South-Eastern Asia,704,2000,42.16266694858512
1358,Viet Nam,Asia,South-Eastern Asia,704,1990,45.83540792374991
1359,Viet Nam,Asia,South-Eastern Asia,704,2015,42.071353014712955
1360,Viet Nam,Asia,South-Eastern Asia,704,1995,45.013850415512465
1361,Viet Nam,Asia,South-Eastern Asia,704,2005,39.91268737443981
1362,Wallis and Futuna Islands,Oceania,Polynesia,876,2000,49.478908188585606
1363,Wallis and Futuna Islands,Oceania,Polynesia,876,2015,49.526149526149524
1364,Wallis and Futuna Islands,Oceania,Polynesia,876,1990,48.21683309557774
1365,Wallis and Futuna Islands,Oceania,Polynesia,876,2010,49.53170028818444
1366,Wallis and Futuna Islands,Oceania,Polynesia,876,1995,48.86904761904762
1367,Wallis and Futuna Islands,Oceania,Polynesia,876,2005,49.51374207188161
1368,Western Sahara,Africa,Northern Africa,732,1990,45.498511904761905
1369,Western Sahara,Africa,Northern Africa,732,1995,44.764135162261624
1370,Western Sahara,Africa,Northern Africa,732,2005,42.84245695194038
1371,Western Sahara,Africa,Northern Africa,732,2015,40.93454334813671
1372,Western Sahara,Africa,Northern Africa,732,2000,44.14715719063545
1373,Western Sahara,Africa,Northern Africa,732,2010,41.86512352548409
1374,Yemen,Asia,Western Asia,887,1990,43.624172366505974
1375,Yemen,Asia,Western Asia,887,2010,45.87474679625101
1376,Yemen,Asia,Western Asia,887,2015,47.570256675510194
1377,Yemen,Asia,Western Asia,887,2005,42.4929708370111
1378,Yemen,Asia,Western Asia,887,2000,44.47541726192551
1379,Yemen,Asia,Western Asia,887,1995,42.98648500164817
1380,Zambia,Africa,Eastern Africa,894,2000,49.05454171817154
1381,Zambia,Africa,Eastern Africa,894,2005,49.13807769763678
1382,Zambia,Africa,Eastern Africa,894,2010,49.360786436509684
1383,Zambia,Africa,Eastern Africa,894,1995,48.706709558071196
1384,Zambia,Africa,Eastern Africa,894,2015,49.56650900988938
1385,Zambia,Africa,Eastern Africa,894,1990,48.82001512387602
1386,Zimbabwe,Africa,Eastern Africa,716,2000,42.970824868732635
1387,Zimbabwe,Africa,Eastern Africa,716,2005,42.965624546401386
1388,Zimbabwe,Africa,Eastern Africa,716,1995,42.9505642053123
1389,Zimbabwe,Africa,Eastern Africa,716,2010,42.957493383866435
1390,Zimbabwe,Africa,Eastern Africa,716,2015,42.99363696078382
1391,Zimbabwe,Africa,Eastern Africa,716,1990,43.83915025182628
